FILE,CELL,N_Q570,N_Q670,N_GFP,dose,normalized_Q570
20200715_DT40_RELAGFP_CD83_M4_0.01ugml_01_R3D_D3D_Q570_outline.txt,Cell_CP_1,51,83,20,0.01,0.6144578313253012
20200715_DT40_RELAGFP_CD83_M4_0.01ugml_01_R3D_D3D_Q570_outline.txt,Cell_CP_2,24,216,16,0.01,0.1111111111111111
20200715_DT40_RELAGFP_CD83_M4_0.01ugml_01_R3D_D3D_Q570_outline.txt,Cell_CP_3,1,98,0,0.01,0.01020408163265306
20200715_DT40_RELAGFP_CD83_M4_0.01ugml_01_R3D_D3D_Q570_outline.txt,Cell_CP_5,0,160,16,0.01,0
20200715_DT40_RELAGFP_CD83_M4_0.01ugml_01_R3D_D3D_Q570_outline.txt,Cell_CP_6,19,54,16,0.01,0.35185185185185186
20200715_DT40_RELAGFP_CD83_M4_0.01ugml_01_R3D_D3D_Q570_outline.txt,Cell_CP_7,3,101,7,0.01,0.0297029702970297
20200715_DT40_RELAGFP_CD83_M4_0.01ugml_01_R3D_D3D_Q570_outline.txt,Cell_CP_8,28,81,2,0.01,0.345679012345679
20200715_DT40_RELAGFP_CD83_M4_0.01ugml_01_R3D_D3D_Q570_outline.txt,Cell_CP_10,1,303,3,0.01,0.0033003300330033004
20200715_DT40_RELAGFP_CD83_M4_0.01ugml_01_R3D_D3D_Q570_outline.txt,Cell_CP_11,2,64,3,0.01,0.03125
20200715_DT40_RELAGFP_CD83_M4_0.01ugml_01_R3D_D3D_Q570_outline.txt,Cell_CP_13,0,209,2,0.01,0
20200715_DT40_RELAGFP_CD83_M4_0.01ugml_01_R3D_D3D_Q570_outline.txt,Cell_CP_14,0,171,1,0.01,0
20200715_DT40_RELAGFP_CD83_M4_0.01ugml_01_R3D_D3D_Q570_outline.txt,Cell_CP_15,4,123,12,0.01,0.032520325203252036
20200715_DT40_RELAGFP_CD83_M4_0.01ugml_01_R3D_D3D_Q570_outline.txt,Cell_CP_16,12,113,5,0.01,0.10619469026548672
20200715_DT40_RELAGFP_CD83_M4_0.01ugml_01_R3D_D3D_Q570_outline.txt,Cell_CP_17,0,121,2,0.01,0
20200715_DT40_RELAGFP_CD83_M4_0.01ugml_01_R3D_D3D_Q570_outline.txt,Cell_CP_18,4,101,0,0.01,0.039603960396039604
20200715_DT40_RELAGFP_CD83_M4_0.01ugml_01_R3D_D3D_Q570_outline.txt,Cell_CP_19,19,83,6,0.01,0.2289156626506024
20200715_DT40_RELAGFP_CD83_M4_0.01ugml_01_R3D_D3D_Q570_outline.txt,Cell_CP_20,8,110,20,0.01,0.07272727272727272
20200715_DT40_RELAGFP_CD83_M4_0.01ugml_01_R3D_D3D_Q570_outline.txt,Cell_22,1,180,2,0.01,0.005555555555555556
20200715_DT40_RELAGFP_CD83_M4_0.01ugml_02_R3D_D3D_Q570_outline.txt,Cell_CP_1,43,246,11,0.01,0.17479674796747968
20200715_DT40_RELAGFP_CD83_M4_0.01ugml_02_R3D_D3D_Q570_outline.txt,Cell_CP_2,27,112,5,0.01,0.24107142857142858
20200715_DT40_RELAGFP_CD83_M4_0.01ugml_02_R3D_D3D_Q570_outline.txt,Cell_CP_4,1,78,6,0.01,0.01282051282051282
20200715_DT40_RELAGFP_CD83_M4_0.01ugml_02_R3D_D3D_Q570_outline.txt,Cell_CP_6,39,103,14,0.01,0.3786407766990291
20200715_DT40_RELAGFP_CD83_M4_0.01ugml_02_R3D_D3D_Q570_outline.txt,Cell_CP_7,2,166,8,0.01,0.012048192771084338
20200715_DT40_RELAGFP_CD83_M4_0.01ugml_02_R3D_D3D_Q570_outline.txt,Cell_CP_9,10,140,15,0.01,0.07142857142857142
20200715_DT40_RELAGFP_CD83_M4_0.01ugml_02_R3D_D3D_Q570_outline.txt,Cell_CP_10,0,123,0,0.01,0
20200715_DT40_RELAGFP_CD83_M4_0.01ugml_02_R3D_D3D_Q570_outline.txt,Cell_CP_11,63,66,5,0.01,0.9545454545454546
20200715_DT40_RELAGFP_CD83_M4_0.01ugml_02_R3D_D3D_Q570_outline.txt,Cell_CP_12,29,203,6,0.01,0.14285714285714285
20200715_DT40_RELAGFP_CD83_M4_0.01ugml_02_R3D_D3D_Q570_outline.txt,Cell_CP_13,37,114,4,0.01,0.32456140350877194
20200715_DT40_RELAGFP_CD83_M4_0.01ugml_02_R3D_D3D_Q570_outline.txt,Cell_CP_14,15,66,0,0.01,0.22727272727272727
20200715_DT40_RELAGFP_CD83_M4_0.01ugml_02_R3D_D3D_Q570_outline.txt,Cell_CP_15,6,71,9,0.01,0.08450704225352113
20200715_DT40_RELAGFP_CD83_M4_0.01ugml_02_R3D_D3D_Q570_outline.txt,Cell_CP_16,18,112,3,0.01,0.16071428571428573
20200715_DT40_RELAGFP_CD83_M4_0.01ugml_02_R3D_D3D_Q570_outline.txt,Cell_17,0,83,5,0.01,0
20200715_DT40_RELAGFP_CD83_M4_0.01ugml_02_R3D_D3D_Q570_outline.txt,Cell_19,0,61,0,0.01,0
20200715_DT40_RELAGFP_CD83_M4_0.01ugml_03_R3D_D3D_Q570_outline.txt,Cell_CP_1,29,156,7,0.01,0.1858974358974359
20200715_DT40_RELAGFP_CD83_M4_0.01ugml_03_R3D_D3D_Q570_outline.txt,Cell_CP_4,0,173,0,0.01,0
20200715_DT40_RELAGFP_CD83_M4_0.01ugml_03_R3D_D3D_Q570_outline.txt,Cell_CP_5,15,64,16,0.01,0.234375
20200715_DT40_RELAGFP_CD83_M4_0.01ugml_03_R3D_D3D_Q570_outline.txt,Cell_CP_6,3,50,11,0.01,0.06
20200715_DT40_RELAGFP_CD83_M4_0.01ugml_03_R3D_D3D_Q570_outline.txt,Cell_CP_7,39,198,13,0.01,0.19696969696969696
20200715_DT40_RELAGFP_CD83_M4_0.01ugml_03_R3D_D3D_Q570_outline.txt,Cell_CP_8,4,111,7,0.01,0.036036036036036036
20200715_DT40_RELAGFP_CD83_M4_0.01ugml_03_R3D_D3D_Q570_outline.txt,Cell_CP_9,3,91,5,0.01,0.03296703296703297
20200715_DT40_RELAGFP_CD83_M4_0.01ugml_03_R3D_D3D_Q570_outline.txt,Cell_CP_10,6,134,3,0.01,0.04477611940298507
20200715_DT40_RELAGFP_CD83_M4_0.01ugml_03_R3D_D3D_Q570_outline.txt,Cell_CP_11,24,127,11,0.01,0.1889763779527559
20200715_DT40_RELAGFP_CD83_M4_0.01ugml_03_R3D_D3D_Q570_outline.txt,Cell_CP_12,3,166,5,0.01,0.018072289156626505
20200715_DT40_RELAGFP_CD83_M4_0.01ugml_03_R3D_D3D_Q570_outline.txt,Cell_CP_13,38,67,8,0.01,0.5671641791044776
20200715_DT40_RELAGFP_CD83_M4_0.01ugml_03_R3D_D3D_Q570_outline.txt,Cell_CP_14,4,94,3,0.01,0.0425531914893617
20200715_DT40_RELAGFP_CD83_M4_0.01ugml_03_R3D_D3D_Q570_outline.txt,Cell_CP_15,70,188,8,0.01,0.3723404255319149
20200715_DT40_RELAGFP_CD83_M4_0.01ugml_03_R3D_D3D_Q570_outline.txt,Cell_CP_16,34,77,1,0.01,0.44155844155844154
20200715_DT40_RELAGFP_CD83_M4_0.01ugml_03_R3D_D3D_Q570_outline.txt,Cell_CP_17,4,78,8,0.01,0.05128205128205128
20200715_DT40_RELAGFP_CD83_M4_0.01ugml_03_R3D_D3D_Q570_outline.txt,Cell_CP_18,10,113,5,0.01,0.08849557522123894
20200715_DT40_RELAGFP_CD83_M4_0.01ugml_03_R3D_D3D_Q570_outline.txt,Cell_CP_19,19,117,10,0.01,0.1623931623931624
20200715_DT40_RELAGFP_CD83_M4_0.01ugml_04_R3D_D3D_Q570_outline.txt,Cell_CP_1,11,147,9,0.01,0.07482993197278912
20200715_DT40_RELAGFP_CD83_M4_0.01ugml_04_R3D_D3D_Q570_outline.txt,Cell_CP_2,44,182,6,0.01,0.24175824175824176
20200715_DT40_RELAGFP_CD83_M4_0.01ugml_04_R3D_D3D_Q570_outline.txt,Cell_CP_3,23,169,9,0.01,0.13609467455621302
20200715_DT40_RELAGFP_CD83_M4_0.01ugml_04_R3D_D3D_Q570_outline.txt,Cell_CP_4,8,147,16,0.01,0.05442176870748299
20200715_DT40_RELAGFP_CD83_M4_0.01ugml_04_R3D_D3D_Q570_outline.txt,Cell_CP_5,3,283,0,0.01,0.01060070671378092
20200715_DT40_RELAGFP_CD83_M4_0.01ugml_04_R3D_D3D_Q570_outline.txt,Cell_CP_6,1,92,3,0.01,0.010869565217391304
20200715_DT40_RELAGFP_CD83_M4_0.01ugml_04_R3D_D3D_Q570_outline.txt,Cell_CP_7,31,58,5,0.01,0.5344827586206896
20200715_DT40_RELAGFP_CD83_M4_0.01ugml_04_R3D_D3D_Q570_outline.txt,Cell_CP_8,0,168,1,0.01,0
20200715_DT40_RELAGFP_CD83_M4_0.01ugml_04_R3D_D3D_Q570_outline.txt,Cell_CP_9,37,117,6,0.01,0.3162393162393162
20200715_DT40_RELAGFP_CD83_M4_0.01ugml_04_R3D_D3D_Q570_outline.txt,Cell_CP_10,6,79,1,0.01,0.0759493670886076
20200715_DT40_RELAGFP_CD83_M4_0.01ugml_04_R3D_D3D_Q570_outline.txt,Cell_CP_11,24,89,0,0.01,0.2696629213483146
20200715_DT40_RELAGFP_CD83_M4_0.01ugml_04_R3D_D3D_Q570_outline.txt,Cell_CP_12,0,140,0,0.01,0
20200715_DT40_RELAGFP_CD83_M4_0.01ugml_04_R3D_D3D_Q570_outline.txt,Cell_CP_14,1,117,4,0.01,0.008547008547008548
20200715_DT40_RELAGFP_CD83_M4_0.01ugml_04_R3D_D3D_Q570_outline.txt,Cell_15,3,117,8,0.01,0.02564102564102564
20200715_DT40_RELAGFP_CD83_M4_0.01ugml_05_R3D_D3D_Q570_outline.txt,Cell_CP_2,1,131,7,0.01,0.007633587786259542
20200715_DT40_RELAGFP_CD83_M4_0.01ugml_05_R3D_D3D_Q570_outline.txt,Cell_CP_3,33,106,2,0.01,0.3113207547169811
20200715_DT40_RELAGFP_CD83_M4_0.01ugml_05_R3D_D3D_Q570_outline.txt,Cell_CP_4,3,94,10,0.01,0.031914893617021274
20200715_DT40_RELAGFP_CD83_M4_0.01ugml_05_R3D_D3D_Q570_outline.txt,Cell_CP_5,1,181,8,0.01,0.0055248618784530384
20200715_DT40_RELAGFP_CD83_M4_0.01ugml_05_R3D_D3D_Q570_outline.txt,Cell_CP_6,52,62,17,0.01,0.8387096774193549
20200715_DT40_RELAGFP_CD83_M4_0.01ugml_05_R3D_D3D_Q570_outline.txt,Cell_CP_8,29,55,7,0.01,0.5272727272727272
20200715_DT40_RELAGFP_CD83_M4_0.01ugml_05_R3D_D3D_Q570_outline.txt,Cell_CP_10,14,120,5,0.01,0.11666666666666667
20200715_DT40_RELAGFP_CD83_M4_0.01ugml_05_R3D_D3D_Q570_outline.txt,Cell_CP_11,4,113,4,0.01,0.035398230088495575
20200715_DT40_RELAGFP_CD83_M4_0.01ugml_05_R3D_D3D_Q570_outline.txt,Cell_CP_12,2,70,6,0.01,0.02857142857142857
20200715_DT40_RELAGFP_CD83_M4_0.01ugml_05_R3D_D3D_Q570_outline.txt,Cell_CP_13,42,106,20,0.01,0.39622641509433965
20200715_DT40_RELAGFP_CD83_M4_0.01ugml_05_R3D_D3D_Q570_outline.txt,Cell_CP_14,15,164,4,0.01,0.09146341463414634
20200715_DT40_RELAGFP_CD83_M4_0.01ugml_05_R3D_D3D_Q570_outline.txt,Cell_15,1,109,1,0.01,0.009174311926605505
20200715_DT40_RELAGFP_CD83_M4_0.01ugml_05_R3D_D3D_Q570_outline.txt,Cell_16,7,109,8,0.01,0.06422018348623854
20200715_DT40_RELAGFP_CD83_M4_0.01ugml_06_R3D_D3D_Q570_outline.txt,Cell_CP_2,0,111,1,0.01,0
20200715_DT40_RELAGFP_CD83_M4_0.01ugml_06_R3D_D3D_Q570_outline.txt,Cell_CP_3,0,177,0,0.01,0
20200715_DT40_RELAGFP_CD83_M4_0.01ugml_06_R3D_D3D_Q570_outline.txt,Cell_CP_4,9,73,13,0.01,0.1232876712328767
20200715_DT40_RELAGFP_CD83_M4_0.01ugml_06_R3D_D3D_Q570_outline.txt,Cell_CP_5,1,51,9,0.01,0.0196078431372549
20200715_DT40_RELAGFP_CD83_M4_0.01ugml_06_R3D_D3D_Q570_outline.txt,Cell_CP_7,1,105,6,0.01,0.009523809523809525
20200715_DT40_RELAGFP_CD83_M4_0.01ugml_06_R3D_D3D_Q570_outline.txt,Cell_CP_8,4,133,2,0.01,0.03007518796992481
20200715_DT40_RELAGFP_CD83_M4_0.01ugml_06_R3D_D3D_Q570_outline.txt,Cell_CP_9,19,144,10,0.01,0.13194444444444445
20200715_DT40_RELAGFP_CD83_M4_0.01ugml_06_R3D_D3D_Q570_outline.txt,Cell_CP_10,2,196,5,0.01,0.01020408163265306
20200715_DT40_RELAGFP_CD83_M4_0.01ugml_06_R3D_D3D_Q570_outline.txt,Cell_CP_11,1,94,6,0.01,0.010638297872340425
20200715_DT40_RELAGFP_CD83_M4_0.01ugml_06_R3D_D3D_Q570_outline.txt,Cell_CP_12,38,74,7,0.01,0.5135135135135135
20200715_DT40_RELAGFP_CD83_M4_0.01ugml_06_R3D_D3D_Q570_outline.txt,Cell_CP_13,3,102,3,0.01,0.029411764705882353
20200715_DT40_RELAGFP_CD83_M4_0.01ugml_06_R3D_D3D_Q570_outline.txt,Cell_CP_14,78,212,4,0.01,0.36792452830188677
20200715_DT40_RELAGFP_CD83_M4_0.01ugml_06_R3D_D3D_Q570_outline.txt,Cell_CP_15,35,78,0,0.01,0.44871794871794873
20200715_DT40_RELAGFP_CD83_M4_0.01ugml_06_R3D_D3D_Q570_outline.txt,Cell_CP_16,1,80,6,0.01,0.0125
20200715_DT40_RELAGFP_CD83_M4_0.01ugml_06_R3D_D3D_Q570_outline.txt,Cell_CP_17,45,129,11,0.01,0.3488372093023256
20200715_DT40_RELAGFP_CD83_M4_0.01ugml_06_R3D_D3D_Q570_outline.txt,Cell_CP_18,43,67,6,0.01,0.6417910447761194
20200715_DT40_RELAGFP_CD83_M4_0.01ugml_07_R3D_D3D_Q570_outline.txt,Cell_CP_1,0,284,6,0.01,0
20200715_DT40_RELAGFP_CD83_M4_0.01ugml_07_R3D_D3D_Q570_outline.txt,Cell_CP_4,15,102,7,0.01,0.14705882352941177
20200715_DT40_RELAGFP_CD83_M4_0.01ugml_07_R3D_D3D_Q570_outline.txt,Cell_CP_5,10,137,19,0.01,0.072992700729927
20200715_DT40_RELAGFP_CD83_M4_0.01ugml_07_R3D_D3D_Q570_outline.txt,Cell_CP_6,0,88,0,0.01,0
20200715_DT40_RELAGFP_CD83_M4_0.01ugml_07_R3D_D3D_Q570_outline.txt,Cell_CP_7,48,113,32,0.01,0.4247787610619469
20200715_DT40_RELAGFP_CD83_M4_0.01ugml_07_R3D_D3D_Q570_outline.txt,Cell_CP_9,10,70,19,0.01,0.14285714285714285
20200715_DT40_RELAGFP_CD83_M4_0.01ugml_07_R3D_D3D_Q570_outline.txt,Cell_CP_10,0,193,7,0.01,0
20200715_DT40_RELAGFP_CD83_M4_0.01ugml_07_R3D_D3D_Q570_outline.txt,Cell_CP_11,0,89,8,0.01,0
20200715_DT40_RELAGFP_CD83_M4_0.01ugml_07_R3D_D3D_Q570_outline.txt,Cell_CP_12,0,121,2,0.01,0
20200715_DT40_RELAGFP_CD83_M4_0.01ugml_07_R3D_D3D_Q570_outline.txt,Cell_CP_13,25,175,0,0.01,0.14285714285714285
20200715_DT40_RELAGFP_CD83_M4_0.01ugml_07_R3D_D3D_Q570_outline.txt,Cell_CP_14,23,150,17,0.01,0.15333333333333332
20200715_DT40_RELAGFP_CD83_M4_0.01ugml_07_R3D_D3D_Q570_outline.txt,Cell_CP_15,2,107,6,0.01,0.018691588785046728
20200715_DT40_RELAGFP_CD83_M4_0.01ugml_07_R3D_D3D_Q570_outline.txt,Cell_CP_16,15,119,0,0.01,0.12605042016806722
20200715_DT40_RELAGFP_CD83_M4_0.01ugml_07_R3D_D3D_Q570_outline.txt,Cell_CP_17,0,244,6,0.01,0
20200715_DT40_RELAGFP_CD83_M4_0.01ugml_08_R3D_D3D_Q570_outline.txt,Cell_CP_1,16,175,17,0.01,0.09142857142857143
20200715_DT40_RELAGFP_CD83_M4_0.01ugml_08_R3D_D3D_Q570_outline.txt,Cell_CP_2,19,109,26,0.01,0.1743119266055046
20200715_DT40_RELAGFP_CD83_M4_0.01ugml_08_R3D_D3D_Q570_outline.txt,Cell_CP_3,0,161,0,0.01,0
20200715_DT40_RELAGFP_CD83_M4_0.01ugml_08_R3D_D3D_Q570_outline.txt,Cell_CP_4,14,124,11,0.01,0.11290322580645161
20200715_DT40_RELAGFP_CD83_M4_0.01ugml_08_R3D_D3D_Q570_outline.txt,Cell_CP_5,8,115,6,0.01,0.06956521739130435
20200715_DT40_RELAGFP_CD83_M4_0.01ugml_08_R3D_D3D_Q570_outline.txt,Cell_CP_6,0,215,0,0.01,0
20200715_DT40_RELAGFP_CD83_M4_0.01ugml_08_R3D_D3D_Q570_outline.txt,Cell_CP_7,0,128,3,0.01,0
20200715_DT40_RELAGFP_CD83_M4_0.01ugml_08_R3D_D3D_Q570_outline.txt,Cell_CP_8,20,128,2,0.01,0.15625
20200715_DT40_RELAGFP_CD83_M4_0.01ugml_08_R3D_D3D_Q570_outline.txt,Cell_CP_9,4,125,5,0.01,0.032
20200715_DT40_RELAGFP_CD83_M4_0.01ugml_08_R3D_D3D_Q570_outline.txt,Cell_CP_10,2,132,17,0.01,0.015151515151515152
20200715_DT40_RELAGFP_CD83_M4_0.01ugml_08_R3D_D3D_Q570_outline.txt,Cell_CP_11,0,101,1,0.01,0
20200715_DT40_RELAGFP_CD83_M4_0.01ugml_08_R3D_D3D_Q570_outline.txt,Cell_CP_12,27,174,36,0.01,0.15517241379310345
20200715_DT40_RELAGFP_CD83_M4_0.01ugml_09_R3D_D3D_Q570_outline.txt,Cell_CP_1,4,195,8,0.01,0.020512820512820513
20200715_DT40_RELAGFP_CD83_M4_0.01ugml_09_R3D_D3D_Q570_outline.txt,Cell_CP_2,14,135,16,0.01,0.1037037037037037
20200715_DT40_RELAGFP_CD83_M4_0.01ugml_09_R3D_D3D_Q570_outline.txt,Cell_CP_3,19,253,17,0.01,0.07509881422924901
20200715_DT40_RELAGFP_CD83_M4_0.01ugml_09_R3D_D3D_Q570_outline.txt,Cell_CP_6,23,112,5,0.01,0.20535714285714285
20200715_DT40_RELAGFP_CD83_M4_0.01ugml_09_R3D_D3D_Q570_outline.txt,Cell_CP_7,1,295,0,0.01,0.003389830508474576
20200715_DT40_RELAGFP_CD83_M4_0.01ugml_09_R3D_D3D_Q570_outline.txt,Cell_CP_8,43,98,12,0.01,0.4387755102040816
20200715_DT40_RELAGFP_CD83_M4_0.01ugml_09_R3D_D3D_Q570_outline.txt,Cell_CP_9,32,125,23,0.01,0.256
20200715_DT40_RELAGFP_CD83_M4_0.01ugml_09_R3D_D3D_Q570_outline.txt,Cell_CP_10,6,159,17,0.01,0.03773584905660377
20200715_DT40_RELAGFP_CD83_M4_0.01ugml_09_R3D_D3D_Q570_outline.txt,Cell_CP_11,2,167,2,0.01,0.011976047904191617
20200715_DT40_RELAGFP_CD83_M4_0.01ugml_09_R3D_D3D_Q570_outline.txt,Cell_CP_12,5,180,12,0.01,0.027777777777777776
20200715_DT40_RELAGFP_CD83_M4_0.01ugml_09_R3D_D3D_Q570_outline.txt,Cell_CP_13,22,67,6,0.01,0.3283582089552239
20200715_DT40_RELAGFP_CD83_M4_0.01ugml_09_R3D_D3D_Q570_outline.txt,Cell_CP_14,48,216,5,0.01,0.2222222222222222
20200715_DT40_RELAGFP_CD83_M4_0.01ugml_09_R3D_D3D_Q570_outline.txt,Cell_CP_15,46,94,7,0.01,0.48936170212765956
20200715_DT40_RELAGFP_CD83_M4_0.01ugml_09_R3D_D3D_Q570_outline.txt,Cell_CP_16,30,301,14,0.01,0.09966777408637874
20200715_DT40_RELAGFP_CD83_M4_0.01ugml_09_R3D_D3D_Q570_outline.txt,Cell_CP_18,0,110,2,0.01,0
20200715_DT40_RELAGFP_CD83_M4_0.01ugml_09_R3D_D3D_Q570_outline.txt,Cell_CP_19,0,205,0,0.01,0
20200715_DT40_RELAGFP_CD83_M4_0.01ugml_09_R3D_D3D_Q570_outline.txt,Cell_CP_20,20,233,13,0.01,0.08583690987124463
20200715_DT40_RELAGFP_CD83_M4_0.01ugml_10_R3D_D3D_Q570_outline.txt,Cell_CP_1,37,125,16,0.01,0.296
20200715_DT40_RELAGFP_CD83_M4_0.01ugml_10_R3D_D3D_Q570_outline.txt,Cell_CP_2,1,188,8,0.01,0.005319148936170213
20200715_DT40_RELAGFP_CD83_M4_0.01ugml_10_R3D_D3D_Q570_outline.txt,Cell_CP_6,0,171,0,0.01,0
20200715_DT40_RELAGFP_CD83_M4_0.01ugml_10_R3D_D3D_Q570_outline.txt,Cell_CP_7,18,67,3,0.01,0.26865671641791045
20200715_DT40_RELAGFP_CD83_M4_0.01ugml_10_R3D_D3D_Q570_outline.txt,Cell_CP_8,29,106,9,0.01,0.27358490566037735
20200715_DT40_RELAGFP_CD83_M4_0.01ugml_10_R3D_D3D_Q570_outline.txt,Cell_CP_9,8,153,17,0.01,0.05228758169934641
20200715_DT40_RELAGFP_CD83_M4_0.01ugml_10_R3D_D3D_Q570_outline.txt,Cell_CP_10,51,104,4,0.01,0.49038461538461536
20200715_DT40_RELAGFP_CD83_M4_0.01ugml_10_R3D_D3D_Q570_outline.txt,Cell_CP_11,39,118,27,0.01,0.3305084745762712
20200715_DT40_RELAGFP_CD83_M4_0.01ugml_10_R3D_D3D_Q570_outline.txt,Cell_CP_12,43,140,3,0.01,0.30714285714285716
20200715_DT40_RELAGFP_CD83_M4_0.01ugml_10_R3D_D3D_Q570_outline.txt,Cell_CP_13,6,258,1,0.01,0.023255813953488372
20200715_DT40_RELAGFP_CD83_M4_0.01ugml_10_R3D_D3D_Q570_outline.txt,Cell_CP_14,0,157,3,0.01,0
20200715_DT40_RELAGFP_CD83_M4_0.01ugml_10_R3D_D3D_Q570_outline.txt,Cell_CP_15,5,77,5,0.01,0.06493506493506493
20200715_DT40_RELAGFP_CD83_M4_0.01ugml_10_R3D_D3D_Q570_outline.txt,Cell_CP_18,1,111,6,0.01,0.009009009009009009
20200715_DT40_RELAGFP_CD83_M4_0.01ugml_10_R3D_D3D_Q570_outline.txt,Cell_CP_19,35,112,24,0.01,0.3125
20200715_DT40_RELAGFP_CD83_M4_0.01ugml_10_R3D_D3D_Q570_outline.txt,Cell_CP_20,0,93,5,0.01,0
20200715_DT40_RELAGFP_CD83_M4_0.01ugml_10_R3D_D3D_Q570_outline.txt,Cell_CP_21,9,139,0,0.01,0.06474820143884892
20200715_DT40_RELAGFP_CD83_M4_0.01ugml_10_R3D_D3D_Q570_outline.txt,Cell_CP_22,3,106,14,0.01,0.02830188679245283
20200715_DT40_RELAGFP_CD83_M4_0.01ugml_10_R3D_D3D_Q570_outline.txt,Cell_CP_23,1,100,11,0.01,0.01
20200715_DT40_RELAGFP_CD83_M4_0.01ugml_10_R3D_D3D_Q570_outline.txt,Cell_CP_24,17,57,17,0.01,0.2982456140350877
20200715_DT40_RELAGFP_CD83_M4_0.1ugml_01_R3D_D3D_Q570_outline.txt,Cell_CP_1,17,47,18,0.1,0.3617021276595745
20200715_DT40_RELAGFP_CD83_M4_0.1ugml_01_R3D_D3D_Q570_outline.txt,Cell_CP_2,19,161,10,0.1,0.11801242236024845
20200715_DT40_RELAGFP_CD83_M4_0.1ugml_01_R3D_D3D_Q570_outline.txt,Cell_CP_3,8,156,7,0.1,0.05128205128205128
20200715_DT40_RELAGFP_CD83_M4_0.1ugml_01_R3D_D3D_Q570_outline.txt,Cell_CP_4,40,154,15,0.1,0.2597402597402597
20200715_DT40_RELAGFP_CD83_M4_0.1ugml_01_R3D_D3D_Q570_outline.txt,Cell_CP_5,25,160,16,0.1,0.15625
20200715_DT40_RELAGFP_CD83_M4_0.1ugml_01_R3D_D3D_Q570_outline.txt,Cell_CP_6,26,100,16,0.1,0.26
20200715_DT40_RELAGFP_CD83_M4_0.1ugml_01_R3D_D3D_Q570_outline.txt,Cell_CP_7,70,153,7,0.1,0.45751633986928103
20200715_DT40_RELAGFP_CD83_M4_0.1ugml_01_R3D_D3D_Q570_outline.txt,Cell_CP_8,1,134,2,0.1,0.007462686567164179
20200715_DT40_RELAGFP_CD83_M4_0.1ugml_01_R3D_D3D_Q570_outline.txt,Cell_CP_10,1,184,16,0.1,0.005434782608695652
20200715_DT40_RELAGFP_CD83_M4_0.1ugml_01_R3D_D3D_Q570_outline.txt,Cell_CP_11,35,169,29,0.1,0.20710059171597633
20200715_DT40_RELAGFP_CD83_M4_0.1ugml_01_R3D_D3D_Q570_outline.txt,Cell_CP_12,12,238,10,0.1,0.05042016806722689
20200715_DT40_RELAGFP_CD83_M4_0.1ugml_01_R3D_D3D_Q570_outline.txt,Cell_CP_13,4,107,5,0.1,0.037383177570093455
20200715_DT40_RELAGFP_CD83_M4_0.1ugml_01_R3D_D3D_Q570_outline.txt,Cell_CP_14,4,201,1,0.1,0.01990049751243781
20200715_DT40_RELAGFP_CD83_M4_0.1ugml_01_R3D_D3D_Q570_outline.txt,Cell_CP_15,14,107,16,0.1,0.1308411214953271
20200715_DT40_RELAGFP_CD83_M4_0.1ugml_02_R3D_D3D_Q570_outline.txt,Cell_CP_1,27,93,13,0.1,0.2903225806451613
20200715_DT40_RELAGFP_CD83_M4_0.1ugml_02_R3D_D3D_Q570_outline.txt,Cell_CP_2,18,113,17,0.1,0.1592920353982301
20200715_DT40_RELAGFP_CD83_M4_0.1ugml_02_R3D_D3D_Q570_outline.txt,Cell_CP_5,11,87,16,0.1,0.12643678160919541
20200715_DT40_RELAGFP_CD83_M4_0.1ugml_02_R3D_D3D_Q570_outline.txt,Cell_CP_6,0,271,0,0.1,0
20200715_DT40_RELAGFP_CD83_M4_0.1ugml_02_R3D_D3D_Q570_outline.txt,Cell_CP_7,59,187,11,0.1,0.3155080213903743
20200715_DT40_RELAGFP_CD83_M4_0.1ugml_02_R3D_D3D_Q570_outline.txt,Cell_CP_9,47,171,5,0.1,0.27485380116959063
20200715_DT40_RELAGFP_CD83_M4_0.1ugml_02_R3D_D3D_Q570_outline.txt,Cell_CP_11,3,140,7,0.1,0.02142857142857143
20200715_DT40_RELAGFP_CD83_M4_0.1ugml_02_R3D_D3D_Q570_outline.txt,Cell_CP_12,52,99,24,0.1,0.5252525252525253
20200715_DT40_RELAGFP_CD83_M4_0.1ugml_02_R3D_D3D_Q570_outline.txt,Cell_CP_13,44,204,22,0.1,0.21568627450980393
20200715_DT40_RELAGFP_CD83_M4_0.1ugml_02_R3D_D3D_Q570_outline.txt,Cell_CP_14,2,72,13,0.1,0.027777777777777776
20200715_DT40_RELAGFP_CD83_M4_0.1ugml_02_R3D_D3D_Q570_outline.txt,Cell_CP_15,11,128,11,0.1,0.0859375
20200715_DT40_RELAGFP_CD83_M4_0.1ugml_02_R3D_D3D_Q570_outline.txt,Cell_CP_16,62,68,13,0.1,0.9117647058823529
20200715_DT40_RELAGFP_CD83_M4_0.1ugml_02_R3D_D3D_Q570_outline.txt,Cell_CP_17,65,272,5,0.1,0.23897058823529413
20200715_DT40_RELAGFP_CD83_M4_0.1ugml_02_R3D_D3D_Q570_outline.txt,Cell_CP_18,59,122,39,0.1,0.48360655737704916
20200715_DT40_RELAGFP_CD83_M4_0.1ugml_02_R3D_D3D_Q570_outline.txt,Cell_21,14,135,15,0.1,0.1037037037037037
20200715_DT40_RELAGFP_CD83_M4_0.1ugml_03_R3D_D3D_Q570_outline.txt,Cell_CP_3,68,50,16,0.1,1.36
20200715_DT40_RELAGFP_CD83_M4_0.1ugml_03_R3D_D3D_Q570_outline.txt,Cell_CP_6,22,149,25,0.1,0.1476510067114094
20200715_DT40_RELAGFP_CD83_M4_0.1ugml_03_R3D_D3D_Q570_outline.txt,Cell_CP_7,43,162,14,0.1,0.2654320987654321
20200715_DT40_RELAGFP_CD83_M4_0.1ugml_03_R3D_D3D_Q570_outline.txt,Cell_CP_8,18,121,17,0.1,0.1487603305785124
20200715_DT40_RELAGFP_CD83_M4_0.1ugml_03_R3D_D3D_Q570_outline.txt,Cell_CP_9,46,118,15,0.1,0.3898305084745763
20200715_DT40_RELAGFP_CD83_M4_0.1ugml_03_R3D_D3D_Q570_outline.txt,Cell_CP_10,25,139,27,0.1,0.17985611510791366
20200715_DT40_RELAGFP_CD83_M4_0.1ugml_03_R3D_D3D_Q570_outline.txt,Cell_CP_11,0,119,0,0.1,0
20200715_DT40_RELAGFP_CD83_M4_0.1ugml_03_R3D_D3D_Q570_outline.txt,Cell_CP_12,3,127,2,0.1,0.023622047244094488
20200715_DT40_RELAGFP_CD83_M4_0.1ugml_03_R3D_D3D_Q570_outline.txt,Cell_CP_14,49,225,12,0.1,0.21777777777777776
20200715_DT40_RELAGFP_CD83_M4_0.1ugml_03_R3D_D3D_Q570_outline.txt,Cell_CP_16,16,103,4,0.1,0.1553398058252427
20200715_DT40_RELAGFP_CD83_M4_0.1ugml_03_R3D_D3D_Q570_outline.txt,Cell_CP_17,0,155,1,0.1,0
20200715_DT40_RELAGFP_CD83_M4_0.1ugml_03_R3D_D3D_Q570_outline.txt,Cell_CP_18,87,276,23,0.1,0.31521739130434784
20200715_DT40_RELAGFP_CD83_M4_0.1ugml_03_R3D_D3D_Q570_outline.txt,Cell_CP_19,0,155,0,0.1,0
20200715_DT40_RELAGFP_CD83_M4_0.1ugml_03_R3D_D3D_Q570_outline.txt,Cell_CP_20,52,108,22,0.1,0.48148148148148145
20200715_DT40_RELAGFP_CD83_M4_0.1ugml_04_R3D_D3D_Q570_outline.txt,Cell_CP_1,62,122,0,0.1,0.5081967213114754
20200715_DT40_RELAGFP_CD83_M4_0.1ugml_04_R3D_D3D_Q570_outline.txt,Cell_CP_2,44,108,23,0.1,0.4074074074074074
20200715_DT40_RELAGFP_CD83_M4_0.1ugml_04_R3D_D3D_Q570_outline.txt,Cell_CP_3,5,137,12,0.1,0.0364963503649635
20200715_DT40_RELAGFP_CD83_M4_0.1ugml_04_R3D_D3D_Q570_outline.txt,Cell_CP_4,26,184,20,0.1,0.14130434782608695
20200715_DT40_RELAGFP_CD83_M4_0.1ugml_04_R3D_D3D_Q570_outline.txt,Cell_CP_5,34,210,5,0.1,0.1619047619047619
20200715_DT40_RELAGFP_CD83_M4_0.1ugml_04_R3D_D3D_Q570_outline.txt,Cell_CP_6,15,158,11,0.1,0.0949367088607595
20200715_DT40_RELAGFP_CD83_M4_0.1ugml_04_R3D_D3D_Q570_outline.txt,Cell_CP_7,26,62,5,0.1,0.41935483870967744
20200715_DT40_RELAGFP_CD83_M4_0.1ugml_04_R3D_D3D_Q570_outline.txt,Cell_CP_8,1,254,1,0.1,0.003937007874015748
20200715_DT40_RELAGFP_CD83_M4_0.1ugml_04_R3D_D3D_Q570_outline.txt,Cell_CP_9,1,81,10,0.1,0.012345679012345678
20200715_DT40_RELAGFP_CD83_M4_0.1ugml_04_R3D_D3D_Q570_outline.txt,Cell_CP_10,2,99,1,0.1,0.020202020202020204
20200715_DT40_RELAGFP_CD83_M4_0.1ugml_04_R3D_D3D_Q570_outline.txt,Cell_CP_11,6,174,19,0.1,0.034482758620689655
20200715_DT40_RELAGFP_CD83_M4_0.1ugml_04_R3D_D3D_Q570_outline.txt,Cell_CP_12,9,205,4,0.1,0.04390243902439024
20200715_DT40_RELAGFP_CD83_M4_0.1ugml_04_R3D_D3D_Q570_outline.txt,Cell_CP_13,43,169,8,0.1,0.25443786982248523
20200715_DT40_RELAGFP_CD83_M4_0.1ugml_04_R3D_D3D_Q570_outline.txt,Cell_CP_14,44,175,26,0.1,0.25142857142857145
20200715_DT40_RELAGFP_CD83_M4_0.1ugml_04_R3D_D3D_Q570_outline.txt,Cell_CP_15,25,95,9,0.1,0.2631578947368421
20200715_DT40_RELAGFP_CD83_M4_0.1ugml_04_R3D_D3D_Q570_outline.txt,Cell_CP_16,78,61,0,0.1,1.278688524590164
20200715_DT40_RELAGFP_CD83_M4_0.1ugml_04_R3D_D3D_Q570_outline.txt,Cell_CP_17,40,107,8,0.1,0.37383177570093457
20200715_DT40_RELAGFP_CD83_M4_0.1ugml_04_R3D_D3D_Q570_outline.txt,Cell_CP_18,36,137,16,0.1,0.26277372262773724
20200715_DT40_RELAGFP_CD83_M4_0.1ugml_05_R3D_D3D_Q570_outline.txt,Cell_CP_1,7,80,16,0.1,0.0875
20200715_DT40_RELAGFP_CD83_M4_0.1ugml_05_R3D_D3D_Q570_outline.txt,Cell_CP_2,0,189,5,0.1,0
20200715_DT40_RELAGFP_CD83_M4_0.1ugml_05_R3D_D3D_Q570_outline.txt,Cell_CP_3,8,68,9,0.1,0.11764705882352941
20200715_DT40_RELAGFP_CD83_M4_0.1ugml_05_R3D_D3D_Q570_outline.txt,Cell_CP_4,13,169,11,0.1,0.07692307692307693
20200715_DT40_RELAGFP_CD83_M4_0.1ugml_05_R3D_D3D_Q570_outline.txt,Cell_CP_5,10,49,5,0.1,0.20408163265306123
20200715_DT40_RELAGFP_CD83_M4_0.1ugml_05_R3D_D3D_Q570_outline.txt,Cell_CP_6,0,296,0,0.1,0
20200715_DT40_RELAGFP_CD83_M4_0.1ugml_05_R3D_D3D_Q570_outline.txt,Cell_CP_7,2,114,3,0.1,0.017543859649122806
20200715_DT40_RELAGFP_CD83_M4_0.1ugml_05_R3D_D3D_Q570_outline.txt,Cell_CP_8,1,132,8,0.1,0.007575757575757576
20200715_DT40_RELAGFP_CD83_M4_0.1ugml_05_R3D_D3D_Q570_outline.txt,Cell_CP_9,34,53,18,0.1,0.6415094339622641
20200715_DT40_RELAGFP_CD83_M4_0.1ugml_05_R3D_D3D_Q570_outline.txt,Cell_CP_10,5,311,0,0.1,0.01607717041800643
20200715_DT40_RELAGFP_CD83_M4_0.1ugml_05_R3D_D3D_Q570_outline.txt,Cell_CP_11,12,79,29,0.1,0.1518987341772152
20200715_DT40_RELAGFP_CD83_M4_0.1ugml_05_R3D_D3D_Q570_outline.txt,Cell_CP_12,0,118,4,0.1,0
20200715_DT40_RELAGFP_CD83_M4_0.1ugml_05_R3D_D3D_Q570_outline.txt,Cell_CP_13,0,147,6,0.1,0
20200715_DT40_RELAGFP_CD83_M4_0.1ugml_05_R3D_D3D_Q570_outline.txt,Cell_CP_14,0,61,3,0.1,0
20200715_DT40_RELAGFP_CD83_M4_0.1ugml_05_R3D_D3D_Q570_outline.txt,Cell_CP_15,10,120,15,0.1,0.08333333333333333
20200715_DT40_RELAGFP_CD83_M4_0.1ugml_05_R3D_D3D_Q570_outline.txt,Cell_CP_16,0,135,2,0.1,0
20200715_DT40_RELAGFP_CD83_M4_0.1ugml_05_R3D_D3D_Q570_outline.txt,Cell_CP_17,6,181,3,0.1,0.03314917127071823
20200715_DT40_RELAGFP_CD83_M4_0.1ugml_05_R3D_D3D_Q570_outline.txt,Cell_CP_18,17,116,20,0.1,0.14655172413793102
20200715_DT40_RELAGFP_CD83_M4_0.1ugml_06_R3D_D3D_Q570_outline.txt,Cell_CP_1,14,90,5,0.1,0.15555555555555556
20200715_DT40_RELAGFP_CD83_M4_0.1ugml_06_R3D_D3D_Q570_outline.txt,Cell_CP_2,31,113,14,0.1,0.2743362831858407
20200715_DT40_RELAGFP_CD83_M4_0.1ugml_06_R3D_D3D_Q570_outline.txt,Cell_CP_4,52,245,9,0.1,0.21224489795918366
20200715_DT40_RELAGFP_CD83_M4_0.1ugml_06_R3D_D3D_Q570_outline.txt,Cell_CP_5,1,106,4,0.1,0.009433962264150943
20200715_DT40_RELAGFP_CD83_M4_0.1ugml_06_R3D_D3D_Q570_outline.txt,Cell_CP_6,9,150,5,0.1,0.06
20200715_DT40_RELAGFP_CD83_M4_0.1ugml_06_R3D_D3D_Q570_outline.txt,Cell_CP_7,40,111,0,0.1,0.36036036036036034
20200715_DT40_RELAGFP_CD83_M4_0.1ugml_06_R3D_D3D_Q570_outline.txt,Cell_CP_8,1,152,5,0.1,0.006578947368421052
20200715_DT40_RELAGFP_CD83_M4_0.1ugml_06_R3D_D3D_Q570_outline.txt,Cell_CP_10,3,132,8,0.1,0.022727272727272728
20200715_DT40_RELAGFP_CD83_M4_0.1ugml_06_R3D_D3D_Q570_outline.txt,Cell_CP_11,3,156,0,0.1,0.019230769230769232
20200715_DT40_RELAGFP_CD83_M4_0.1ugml_06_R3D_D3D_Q570_outline.txt,Cell_CP_12,1,133,3,0.1,0.007518796992481203
20200715_DT40_RELAGFP_CD83_M4_0.1ugml_06_R3D_D3D_Q570_outline.txt,Cell_CP_13,12,100,18,0.1,0.12
20200715_DT40_RELAGFP_CD83_M4_0.1ugml_06_R3D_D3D_Q570_outline.txt,Cell_CP_14,8,134,1,0.1,0.05970149253731343
20200715_DT40_RELAGFP_CD83_M4_0.1ugml_06_R3D_D3D_Q570_outline.txt,Cell_CP_15,34,140,12,0.1,0.24285714285714285
20200715_DT40_RELAGFP_CD83_M4_0.1ugml_06_R3D_D3D_Q570_outline.txt,Cell_CP_16,37,114,4,0.1,0.32456140350877194
20200715_DT40_RELAGFP_CD83_M4_0.1ugml_06_R3D_D3D_Q570_outline.txt,Cell_CP_17,15,134,5,0.1,0.11194029850746269
20200715_DT40_RELAGFP_CD83_M4_0.1ugml_06_R3D_D3D_Q570_outline.txt,Cell_CP_18,7,136,0,0.1,0.051470588235294115
20200715_DT40_RELAGFP_CD83_M4_0.1ugml_07_R3D_D3D_Q570_outline.txt,Cell_CP_1,56,54,11,0.1,1.037037037037037
20200715_DT40_RELAGFP_CD83_M4_0.1ugml_07_R3D_D3D_Q570_outline.txt,Cell_CP_2,14,111,5,0.1,0.12612612612612611
20200715_DT40_RELAGFP_CD83_M4_0.1ugml_07_R3D_D3D_Q570_outline.txt,Cell_CP_3,12,171,0,0.1,0.07017543859649122
20200715_DT40_RELAGFP_CD83_M4_0.1ugml_07_R3D_D3D_Q570_outline.txt,Cell_CP_5,27,41,9,0.1,0.6585365853658537
20200715_DT40_RELAGFP_CD83_M4_0.1ugml_07_R3D_D3D_Q570_outline.txt,Cell_CP_6,46,127,4,0.1,0.36220472440944884
20200715_DT40_RELAGFP_CD83_M4_0.1ugml_07_R3D_D3D_Q570_outline.txt,Cell_CP_7,14,153,21,0.1,0.0915032679738562
20200715_DT40_RELAGFP_CD83_M4_0.1ugml_07_R3D_D3D_Q570_outline.txt,Cell_CP_8,12,99,9,0.1,0.12121212121212122
20200715_DT40_RELAGFP_CD83_M4_0.1ugml_07_R3D_D3D_Q570_outline.txt,Cell_CP_9,6,89,10,0.1,0.06741573033707865
20200715_DT40_RELAGFP_CD83_M4_0.1ugml_07_R3D_D3D_Q570_outline.txt,Cell_CP_10,4,125,0,0.1,0.032
20200715_DT40_RELAGFP_CD83_M4_0.1ugml_07_R3D_D3D_Q570_outline.txt,Cell_CP_11,31,181,1,0.1,0.1712707182320442
20200715_DT40_RELAGFP_CD83_M4_0.1ugml_07_R3D_D3D_Q570_outline.txt,Cell_CP_13,1,174,0,0.1,0.005747126436781609
20200715_DT40_RELAGFP_CD83_M4_0.1ugml_07_R3D_D3D_Q570_outline.txt,Cell_CP_14,52,71,8,0.1,0.7323943661971831
20200715_DT40_RELAGFP_CD83_M4_0.1ugml_07_R3D_D3D_Q570_outline.txt,Cell_CP_15,0,87,0,0.1,0
20200715_DT40_RELAGFP_CD83_M4_0.1ugml_07_R3D_D3D_Q570_outline.txt,Cell_CP_16,11,130,8,0.1,0.08461538461538462
20200715_DT40_RELAGFP_CD83_M4_0.1ugml_07_R3D_D3D_Q570_outline.txt,Cell_CP_17,20,116,8,0.1,0.1724137931034483
20200715_DT40_RELAGFP_CD83_M4_0.1ugml_07_R3D_D3D_Q570_outline.txt,Cell_CP_18,53,96,7,0.1,0.5520833333333334
20200715_DT40_RELAGFP_CD83_M4_0.1ugml_07_R3D_D3D_Q570_outline.txt,Cell_CP_19,54,46,0,0.1,1.173913043478261
20200715_DT40_RELAGFP_CD83_M4_0.1ugml_07_R3D_D3D_Q570_outline.txt,Cell_CP_20,45,123,8,0.1,0.36585365853658536
20200715_DT40_RELAGFP_CD83_M4_0.1ugml_08_R3D_D3D_Q570_outline.txt,Cell_CP_1,74,56,9,0.1,1.3214285714285714
20200715_DT40_RELAGFP_CD83_M4_0.1ugml_08_R3D_D3D_Q570_outline.txt,Cell_CP_2,6,75,0,0.1,0.08
20200715_DT40_RELAGFP_CD83_M4_0.1ugml_08_R3D_D3D_Q570_outline.txt,Cell_CP_3,56,137,9,0.1,0.40875912408759124
20200715_DT40_RELAGFP_CD83_M4_0.1ugml_08_R3D_D3D_Q570_outline.txt,Cell_CP_4,7,247,1,0.1,0.02834008097165992
20200715_DT40_RELAGFP_CD83_M4_0.1ugml_08_R3D_D3D_Q570_outline.txt,Cell_CP_6,14,91,19,0.1,0.15384615384615385
20200715_DT40_RELAGFP_CD83_M4_0.1ugml_08_R3D_D3D_Q570_outline.txt,Cell_CP_7,1,94,7,0.1,0.010638297872340425
20200715_DT40_RELAGFP_CD83_M4_0.1ugml_08_R3D_D3D_Q570_outline.txt,Cell_CP_8,3,149,15,0.1,0.020134228187919462
20200715_DT40_RELAGFP_CD83_M4_0.1ugml_08_R3D_D3D_Q570_outline.txt,Cell_CP_9,15,54,0,0.1,0.2777777777777778
20200715_DT40_RELAGFP_CD83_M4_0.1ugml_08_R3D_D3D_Q570_outline.txt,Cell_CP_10,1,147,5,0.1,0.006802721088435374
20200715_DT40_RELAGFP_CD83_M4_0.1ugml_08_R3D_D3D_Q570_outline.txt,Cell_CP_11,3,74,15,0.1,0.04054054054054054
20200715_DT40_RELAGFP_CD83_M4_0.1ugml_08_R3D_D3D_Q570_outline.txt,Cell_CP_12,38,120,12,0.1,0.31666666666666665
20200715_DT40_RELAGFP_CD83_M4_0.1ugml_08_R3D_D3D_Q570_outline.txt,Cell_CP_13,0,95,2,0.1,0
20200715_DT40_RELAGFP_CD83_M4_0.1ugml_08_R3D_D3D_Q570_outline.txt,Cell_CP_14,2,146,7,0.1,0.0136986301369863
20200715_DT40_RELAGFP_CD83_M4_0.1ugml_08_R3D_D3D_Q570_outline.txt,Cell_CP_15,7,262,0,0.1,0.026717557251908396
20200715_DT40_RELAGFP_CD83_M4_0.1ugml_08_R3D_D3D_Q570_outline.txt,Cell_CP_16,2,322,2,0.1,0.006211180124223602
20200715_DT40_RELAGFP_CD83_M4_0.1ugml_08_R3D_D3D_Q570_outline.txt,Cell_CP_17,19,147,11,0.1,0.1292517006802721
20200715_DT40_RELAGFP_CD83_M4_0.1ugml_09_R3D_D3D_Q570_outline.txt,Cell_CP_1,7,238,1,0.1,0.029411764705882353
20200715_DT40_RELAGFP_CD83_M4_0.1ugml_09_R3D_D3D_Q570_outline.txt,Cell_CP_2,71,90,7,0.1,0.7888888888888889
20200715_DT40_RELAGFP_CD83_M4_0.1ugml_09_R3D_D3D_Q570_outline.txt,Cell_CP_3,8,92,11,0.1,0.08695652173913043
20200715_DT40_RELAGFP_CD83_M4_0.1ugml_09_R3D_D3D_Q570_outline.txt,Cell_CP_4,7,159,4,0.1,0.0440251572327044
20200715_DT40_RELAGFP_CD83_M4_0.1ugml_09_R3D_D3D_Q570_outline.txt,Cell_CP_5,33,70,8,0.1,0.4714285714285714
20200715_DT40_RELAGFP_CD83_M4_0.1ugml_09_R3D_D3D_Q570_outline.txt,Cell_CP_7,23,128,8,0.1,0.1796875
20200715_DT40_RELAGFP_CD83_M4_0.1ugml_09_R3D_D3D_Q570_outline.txt,Cell_CP_8,1,352,11,0.1,0.002840909090909091
20200715_DT40_RELAGFP_CD83_M4_0.1ugml_09_R3D_D3D_Q570_outline.txt,Cell_CP_9,2,122,7,0.1,0.01639344262295082
20200715_DT40_RELAGFP_CD83_M4_0.1ugml_09_R3D_D3D_Q570_outline.txt,Cell_CP_10,0,64,0,0.1,0
20200715_DT40_RELAGFP_CD83_M4_0.1ugml_09_R3D_D3D_Q570_outline.txt,Cell_CP_11,88,59,7,0.1,1.4915254237288136
20200715_DT40_RELAGFP_CD83_M4_0.1ugml_09_R3D_D3D_Q570_outline.txt,Cell_CP_12,0,292,0,0.1,0
20200715_DT40_RELAGFP_CD83_M4_0.1ugml_09_R3D_D3D_Q570_outline.txt,Cell_CP_13,62,157,11,0.1,0.39490445859872614
20200715_DT40_RELAGFP_CD83_M4_0.1ugml_09_R3D_D3D_Q570_outline.txt,Cell_CP_14,0,66,7,0.1,0
20200715_DT40_RELAGFP_CD83_M4_0.1ugml_09_R3D_D3D_Q570_outline.txt,Cell_CP_15,9,207,13,0.1,0.043478260869565216
20200715_DT40_RELAGFP_CD83_M4_0.1ugml_09_R3D_D3D_Q570_outline.txt,Cell_CP_16,27,242,26,0.1,0.1115702479338843
20200715_DT40_RELAGFP_CD83_M4_0.1ugml_09_R3D_D3D_Q570_outline.txt,Cell_CP_17,25,122,20,0.1,0.20491803278688525
20200715_DT40_RELAGFP_CD83_M4_0.1ugml_09_R3D_D3D_Q570_outline.txt,Cell_CP_18,66,86,7,0.1,0.7674418604651163
20200715_DT40_RELAGFP_CD83_M4_0.1ugml_09_R3D_D3D_Q570_outline.txt,Cell_CP_19,6,317,8,0.1,0.01892744479495268
20200715_DT40_RELAGFP_CD83_M4_0.1ugml_09_R3D_D3D_Q570_outline.txt,Cell_CP_20,4,139,13,0.1,0.02877697841726619
20200715_DT40_RELAGFP_CD83_M4_0.1ugml_10_R3D_D3D_Q570_outline.txt,Cell_CP_1,19,191,21,0.1,0.09947643979057591
20200715_DT40_RELAGFP_CD83_M4_0.1ugml_10_R3D_D3D_Q570_outline.txt,Cell_CP_2,29,82,5,0.1,0.35365853658536583
20200715_DT40_RELAGFP_CD83_M4_0.1ugml_10_R3D_D3D_Q570_outline.txt,Cell_CP_3,30,111,5,0.1,0.2702702702702703
20200715_DT40_RELAGFP_CD83_M4_0.1ugml_10_R3D_D3D_Q570_outline.txt,Cell_CP_4,66,166,9,0.1,0.39759036144578314
20200715_DT40_RELAGFP_CD83_M4_0.1ugml_10_R3D_D3D_Q570_outline.txt,Cell_CP_5,1,165,3,0.1,0.006060606060606061
20200715_DT40_RELAGFP_CD83_M4_0.1ugml_10_R3D_D3D_Q570_outline.txt,Cell_CP_6,51,143,25,0.1,0.35664335664335667
20200715_DT40_RELAGFP_CD83_M4_0.1ugml_10_R3D_D3D_Q570_outline.txt,Cell_CP_7,107,161,8,0.1,0.6645962732919255
20200715_DT40_RELAGFP_CD83_M4_0.1ugml_10_R3D_D3D_Q570_outline.txt,Cell_CP_9,0,245,1,0.1,0
20200715_DT40_RELAGFP_CD83_M4_0.1ugml_10_R3D_D3D_Q570_outline.txt,Cell_CP_10,0,277,5,0.1,0
20200715_DT40_RELAGFP_CD83_M4_0.1ugml_10_R3D_D3D_Q570_outline.txt,Cell_CP_11,18,125,27,0.1,0.144
20200715_DT40_RELAGFP_CD83_M4_0.1ugml_10_R3D_D3D_Q570_outline.txt,Cell_CP_12,39,225,25,0.1,0.17333333333333334
20200715_DT40_RELAGFP_CD83_M4_0.1ugml_10_R3D_D3D_Q570_outline.txt,Cell_CP_13,10,75,1,0.1,0.13333333333333333
20200715_DT40_RELAGFP_CD83_M4_0.1ugml_10_R3D_D3D_Q570_outline.txt,Cell_CP_14,12,291,6,0.1,0.041237113402061855
20200715_DT40_RELAGFP_CD83_M4_0.1ugml_10_R3D_D3D_Q570_outline.txt,Cell_CP_15,6,185,12,0.1,0.032432432432432434
20200715_DT40_RELAGFP_CD83_M4_0ugml_01_R3D_D3D_Q570_outline.txt,Cell_CP_1,1,147,6,0,0.006802721088435374
20200715_DT40_RELAGFP_CD83_M4_0ugml_01_R3D_D3D_Q570_outline.txt,Cell_CP_2,4,119,7,0,0.03361344537815126
20200715_DT40_RELAGFP_CD83_M4_0ugml_01_R3D_D3D_Q570_outline.txt,Cell_CP_3,3,90,14,0,0.03333333333333333
20200715_DT40_RELAGFP_CD83_M4_0ugml_01_R3D_D3D_Q570_outline.txt,Cell_CP_4,2,55,1,0,0.03636363636363636
20200715_DT40_RELAGFP_CD83_M4_0ugml_01_R3D_D3D_Q570_outline.txt,Cell_CP_7,0,86,7,0,0
20200715_DT40_RELAGFP_CD83_M4_0ugml_01_R3D_D3D_Q570_outline.txt,Cell_CP_8,0,137,5,0,0
20200715_DT40_RELAGFP_CD83_M4_0ugml_01_R3D_D3D_Q570_outline.txt,Cell_CP_9,0,136,7,0,0
20200715_DT40_RELAGFP_CD83_M4_0ugml_01_R3D_D3D_Q570_outline.txt,Cell_CP_10,0,166,2,0,0
20200715_DT40_RELAGFP_CD83_M4_0ugml_01_R3D_D3D_Q570_outline.txt,Cell_CP_11,0,90,0,0,0
20200715_DT40_RELAGFP_CD83_M4_0ugml_01_R3D_D3D_Q570_outline.txt,Cell_CP_12,0,66,3,0,0
20200715_DT40_RELAGFP_CD83_M4_0ugml_02_R3D_D3D_Q570_outline.txt,Cell_CP_1,1,145,1,0,0.006896551724137931
20200715_DT40_RELAGFP_CD83_M4_0ugml_02_R3D_D3D_Q570_outline.txt,Cell_CP_2,6,68,0,0,0.08823529411764706
20200715_DT40_RELAGFP_CD83_M4_0ugml_02_R3D_D3D_Q570_outline.txt,Cell_CP_3,5,200,12,0,0.025
20200715_DT40_RELAGFP_CD83_M4_0ugml_02_R3D_D3D_Q570_outline.txt,Cell_CP_5,0,156,0,0,0
20200715_DT40_RELAGFP_CD83_M4_0ugml_02_R3D_D3D_Q570_outline.txt,Cell_CP_6,0,219,1,0,0
20200715_DT40_RELAGFP_CD83_M4_0ugml_02_R3D_D3D_Q570_outline.txt,Cell_CP_7,1,199,4,0,0.005025125628140704
20200715_DT40_RELAGFP_CD83_M4_0ugml_02_R3D_D3D_Q570_outline.txt,Cell_CP_8,2,247,6,0,0.008097165991902834
20200715_DT40_RELAGFP_CD83_M4_0ugml_02_R3D_D3D_Q570_outline.txt,Cell_CP_9,0,222,12,0,0
20200715_DT40_RELAGFP_CD83_M4_0ugml_02_R3D_D3D_Q570_outline.txt,Cell_CP_10,0,202,5,0,0
20200715_DT40_RELAGFP_CD83_M4_0ugml_02_R3D_D3D_Q570_outline.txt,Cell_CP_11,0,113,6,0,0
20200715_DT40_RELAGFP_CD83_M4_0ugml_02_R3D_D3D_Q570_outline.txt,Cell_CP_14,1,104,1,0,0.009615384615384616
20200715_DT40_RELAGFP_CD83_M4_0ugml_02_R3D_D3D_Q570_outline.txt,Cell_CP_15,5,138,11,0,0.036231884057971016
20200715_DT40_RELAGFP_CD83_M4_0ugml_02_R3D_D3D_Q570_outline.txt,Cell_CP_16,1,111,3,0,0.009009009009009009
20200715_DT40_RELAGFP_CD83_M4_0ugml_02_R3D_D3D_Q570_outline.txt,Cell_CP_17,3,87,6,0,0.034482758620689655
20200715_DT40_RELAGFP_CD83_M4_0ugml_02_R3D_D3D_Q570_outline.txt,Cell_18,2,117,6,0,0.017094017094017096
20200715_DT40_RELAGFP_CD83_M4_0ugml_02_R3D_D3D_Q570_outline.txt,Cell_19,1,65,0,0,0.015384615384615385
20200715_DT40_RELAGFP_CD83_M4_0ugml_02_R3D_D3D_Q570_outline.txt,Cell_20,1,105,5,0,0.009523809523809525
20200715_DT40_RELAGFP_CD83_M4_0ugml_02_R3D_D3D_Q570_outline.txt,Cell_21,0,84,0,0,0
20200715_DT40_RELAGFP_CD83_M4_0ugml_03_R3D_D3D_Q570_outline.txt,Cell_CP_2,0,51,2,0,0
20200715_DT40_RELAGFP_CD83_M4_0ugml_03_R3D_D3D_Q570_outline.txt,Cell_CP_3,5,251,12,0,0.0199203187250996
20200715_DT40_RELAGFP_CD83_M4_0ugml_03_R3D_D3D_Q570_outline.txt,Cell_CP_5,1,206,2,0,0.0048543689320388345
20200715_DT40_RELAGFP_CD83_M4_0ugml_03_R3D_D3D_Q570_outline.txt,Cell_CP_6,0,70,5,0,0
20200715_DT40_RELAGFP_CD83_M4_0ugml_03_R3D_D3D_Q570_outline.txt,Cell_CP_7,7,202,19,0,0.034653465346534656
20200715_DT40_RELAGFP_CD83_M4_0ugml_03_R3D_D3D_Q570_outline.txt,Cell_CP_8,2,150,12,0,0.013333333333333334
20200715_DT40_RELAGFP_CD83_M4_0ugml_03_R3D_D3D_Q570_outline.txt,Cell_CP_9,0,72,8,0,0
20200715_DT40_RELAGFP_CD83_M4_0ugml_03_R3D_D3D_Q570_outline.txt,Cell_CP_10,1,82,2,0,0.012195121951219513
20200715_DT40_RELAGFP_CD83_M4_0ugml_03_R3D_D3D_Q570_outline.txt,Cell_CP_11,1,98,7,0,0.01020408163265306
20200715_DT40_RELAGFP_CD83_M4_0ugml_03_R3D_D3D_Q570_outline.txt,Cell_CP_12,0,93,3,0,0
20200715_DT40_RELAGFP_CD83_M4_0ugml_03_R3D_D3D_Q570_outline.txt,Cell_CP_13,0,94,0,0,0
20200715_DT40_RELAGFP_CD83_M4_0ugml_03_R3D_D3D_Q570_outline.txt,Cell_CP_14,8,213,17,0,0.03755868544600939
20200715_DT40_RELAGFP_CD83_M4_0ugml_03_R3D_D3D_Q570_outline.txt,Cell_CP_15,2,226,2,0,0.008849557522123894
20200715_DT40_RELAGFP_CD83_M4_0ugml_03_R3D_D3D_Q570_outline.txt,Cell_CP_16,2,80,3,0,0.025
20200715_DT40_RELAGFP_CD83_M4_0ugml_03_R3D_D3D_Q570_outline.txt,Cell_CP_17,2,212,1,0,0.009433962264150943
20200715_DT40_RELAGFP_CD83_M4_0ugml_03_R3D_D3D_Q570_outline.txt,Cell_19,1,122,1,0,0.00819672131147541
20200715_DT40_RELAGFP_CD83_M4_0ugml_04_R3D_D3D_Q570_outline.txt,Cell_CP_1,3,93,9,0,0.03225806451612903
20200715_DT40_RELAGFP_CD83_M4_0ugml_04_R3D_D3D_Q570_outline.txt,Cell_CP_2,0,120,1,0,0
20200715_DT40_RELAGFP_CD83_M4_0ugml_04_R3D_D3D_Q570_outline.txt,Cell_CP_3,6,181,14,0,0.03314917127071823
20200715_DT40_RELAGFP_CD83_M4_0ugml_04_R3D_D3D_Q570_outline.txt,Cell_CP_4,0,71,8,0,0
20200715_DT40_RELAGFP_CD83_M4_0ugml_04_R3D_D3D_Q570_outline.txt,Cell_CP_5,0,220,5,0,0
20200715_DT40_RELAGFP_CD83_M4_0ugml_04_R3D_D3D_Q570_outline.txt,Cell_CP_6,5,158,3,0,0.03164556962025317
20200715_DT40_RELAGFP_CD83_M4_0ugml_04_R3D_D3D_Q570_outline.txt,Cell_CP_9,7,143,9,0,0.04895104895104895
20200715_DT40_RELAGFP_CD83_M4_0ugml_04_R3D_D3D_Q570_outline.txt,Cell_CP_10,5,75,0,0,0.06666666666666667
20200715_DT40_RELAGFP_CD83_M4_0ugml_04_R3D_D3D_Q570_outline.txt,Cell_CP_11,2,115,16,0,0.017391304347826087
20200715_DT40_RELAGFP_CD83_M4_0ugml_04_R3D_D3D_Q570_outline.txt,Cell_CP_12,1,153,4,0,0.006535947712418301
20200715_DT40_RELAGFP_CD83_M4_0ugml_04_R3D_D3D_Q570_outline.txt,Cell_CP_13,0,68,1,0,0
20200715_DT40_RELAGFP_CD83_M4_0ugml_04_R3D_D3D_Q570_outline.txt,Cell_CP_14,3,114,6,0,0.02631578947368421
20200715_DT40_RELAGFP_CD83_M4_0ugml_04_R3D_D3D_Q570_outline.txt,Cell_16,0,121,0,0,0
20200715_DT40_RELAGFP_CD83_M4_0ugml_05_R3D_D3D_Q570_outline.txt,Cell_CP_1,7,197,12,0,0.03553299492385787
20200715_DT40_RELAGFP_CD83_M4_0ugml_05_R3D_D3D_Q570_outline.txt,Cell_CP_2,2,93,7,0,0.021505376344086023
20200715_DT40_RELAGFP_CD83_M4_0ugml_05_R3D_D3D_Q570_outline.txt,Cell_CP_3,1,251,0,0,0.00398406374501992
20200715_DT40_RELAGFP_CD83_M4_0ugml_05_R3D_D3D_Q570_outline.txt,Cell_CP_4,1,115,2,0,0.008695652173913044
20200715_DT40_RELAGFP_CD83_M4_0ugml_05_R3D_D3D_Q570_outline.txt,Cell_CP_5,4,103,1,0,0.038834951456310676
20200715_DT40_RELAGFP_CD83_M4_0ugml_05_R3D_D3D_Q570_outline.txt,Cell_CP_7,1,114,2,0,0.008771929824561403
20200715_DT40_RELAGFP_CD83_M4_0ugml_05_R3D_D3D_Q570_outline.txt,Cell_CP_8,5,175,3,0,0.02857142857142857
20200715_DT40_RELAGFP_CD83_M4_0ugml_05_R3D_D3D_Q570_outline.txt,Cell_CP_9,0,50,4,0,0
20200715_DT40_RELAGFP_CD83_M4_0ugml_05_R3D_D3D_Q570_outline.txt,Cell_CP_10,0,166,4,0,0
20200715_DT40_RELAGFP_CD83_M4_0ugml_05_R3D_D3D_Q570_outline.txt,Cell_CP_11,2,103,1,0,0.019417475728155338
20200715_DT40_RELAGFP_CD83_M4_0ugml_05_R3D_D3D_Q570_outline.txt,Cell_13,0,103,0,0,0
20200715_DT40_RELAGFP_CD83_M4_0ugml_06_R3D_D3D_Q570_outline.txt,Cell_CP_1,0,192,8,0,0
20200715_DT40_RELAGFP_CD83_M4_0ugml_06_R3D_D3D_Q570_outline.txt,Cell_CP_2,1,82,0,0,0.012195121951219513
20200715_DT40_RELAGFP_CD83_M4_0ugml_06_R3D_D3D_Q570_outline.txt,Cell_CP_3,0,114,1,0,0
20200715_DT40_RELAGFP_CD83_M4_0ugml_06_R3D_D3D_Q570_outline.txt,Cell_CP_5,2,263,7,0,0.0076045627376425855
20200715_DT40_RELAGFP_CD83_M4_0ugml_06_R3D_D3D_Q570_outline.txt,Cell_CP_6,0,153,2,0,0
20200715_DT40_RELAGFP_CD83_M4_0ugml_06_R3D_D3D_Q570_outline.txt,Cell_CP_7,8,113,9,0,0.07079646017699115
20200715_DT40_RELAGFP_CD83_M4_0ugml_06_R3D_D3D_Q570_outline.txt,Cell_CP_8,4,161,5,0,0.024844720496894408
20200715_DT40_RELAGFP_CD83_M4_0ugml_06_R3D_D3D_Q570_outline.txt,Cell_CP_9,5,87,6,0,0.05747126436781609
20200715_DT40_RELAGFP_CD83_M4_0ugml_06_R3D_D3D_Q570_outline.txt,Cell_CP_10,0,183,0,0,0
20200715_DT40_RELAGFP_CD83_M4_0ugml_06_R3D_D3D_Q570_outline.txt,Cell_CP_11,1,184,1,0,0.005434782608695652
20200715_DT40_RELAGFP_CD83_M4_0ugml_06_R3D_D3D_Q570_outline.txt,Cell_CP_12,2,142,7,0,0.014084507042253521
20200715_DT40_RELAGFP_CD83_M4_0ugml_06_R3D_D3D_Q570_outline.txt,Cell_CP_13,2,80,9,0,0.025
20200715_DT40_RELAGFP_CD83_M4_0ugml_06_R3D_D3D_Q570_outline.txt,Cell_CP_14,1,183,2,0,0.00546448087431694
20200715_DT40_RELAGFP_CD83_M4_0ugml_06_R3D_D3D_Q570_outline.txt,Cell_CP_15,1,151,6,0,0.006622516556291391
20200715_DT40_RELAGFP_CD83_M4_0ugml_06_R3D_D3D_Q570_outline.txt,Cell_CP_16,0,74,0,0,0
20200715_DT40_RELAGFP_CD83_M4_0ugml_07_R3D_D3D_Q570_outline.txt,Cell_CP_1,1,68,11,0,0.014705882352941176
20200715_DT40_RELAGFP_CD83_M4_0ugml_07_R3D_D3D_Q570_outline.txt,Cell_CP_2,0,118,0,0,0
20200715_DT40_RELAGFP_CD83_M4_0ugml_07_R3D_D3D_Q570_outline.txt,Cell_CP_3,0,73,5,0,0
20200715_DT40_RELAGFP_CD83_M4_0ugml_07_R3D_D3D_Q570_outline.txt,Cell_CP_5,0,166,2,0,0
20200715_DT40_RELAGFP_CD83_M4_0ugml_07_R3D_D3D_Q570_outline.txt,Cell_CP_6,0,86,0,0,0
20200715_DT40_RELAGFP_CD83_M4_0ugml_07_R3D_D3D_Q570_outline.txt,Cell_CP_7,2,70,7,0,0.02857142857142857
20200715_DT40_RELAGFP_CD83_M4_0ugml_07_R3D_D3D_Q570_outline.txt,Cell_CP_8,0,90,5,0,0
20200715_DT40_RELAGFP_CD83_M4_0ugml_07_R3D_D3D_Q570_outline.txt,Cell_CP_9,3,181,1,0,0.016574585635359115
20200715_DT40_RELAGFP_CD83_M4_0ugml_07_R3D_D3D_Q570_outline.txt,Cell_CP_10,0,93,2,0,0
20200715_DT40_RELAGFP_CD83_M4_0ugml_07_R3D_D3D_Q570_outline.txt,Cell_CP_11,0,185,1,0,0
20200715_DT40_RELAGFP_CD83_M4_0ugml_07_R3D_D3D_Q570_outline.txt,Cell_CP_12,0,97,3,0,0
20200715_DT40_RELAGFP_CD83_M4_0ugml_08_R3D_D3D_Q570_outline.txt,Cell_CP_1,0,120,0,0,0
20200715_DT40_RELAGFP_CD83_M4_0ugml_08_R3D_D3D_Q570_outline.txt,Cell_CP_2,2,99,4,0,0.020202020202020204
20200715_DT40_RELAGFP_CD83_M4_0ugml_08_R3D_D3D_Q570_outline.txt,Cell_CP_3,0,132,1,0,0
20200715_DT40_RELAGFP_CD83_M4_0ugml_08_R3D_D3D_Q570_outline.txt,Cell_CP_4,2,143,1,0,0.013986013986013986
20200715_DT40_RELAGFP_CD83_M4_0ugml_08_R3D_D3D_Q570_outline.txt,Cell_CP_5,0,48,3,0,0
20200715_DT40_RELAGFP_CD83_M4_0ugml_08_R3D_D3D_Q570_outline.txt,Cell_CP_6,0,93,4,0,0
20200715_DT40_RELAGFP_CD83_M4_0ugml_08_R3D_D3D_Q570_outline.txt,Cell_CP_7,0,155,0,0,0
20200715_DT40_RELAGFP_CD83_M4_0ugml_08_R3D_D3D_Q570_outline.txt,Cell_CP_8,0,115,7,0,0
20200715_DT40_RELAGFP_CD83_M4_0ugml_08_R3D_D3D_Q570_outline.txt,Cell_CP_9,1,116,2,0,0.008620689655172414
20200715_DT40_RELAGFP_CD83_M4_0ugml_08_R3D_D3D_Q570_outline.txt,Cell_CP_10,2,118,9,0,0.01694915254237288
20200715_DT40_RELAGFP_CD83_M4_0ugml_08_R3D_D3D_Q570_outline.txt,Cell_CP_11,0,164,2,0,0
20200715_DT40_RELAGFP_CD83_M4_0ugml_08_R3D_D3D_Q570_outline.txt,Cell_CP_12,4,114,1,0,0.03508771929824561
20200715_DT40_RELAGFP_CD83_M4_0ugml_08_R3D_D3D_Q570_outline.txt,Cell_CP_13,2,95,5,0,0.021052631578947368
20200715_DT40_RELAGFP_CD83_M4_0ugml_08_R3D_D3D_Q570_outline.txt,Cell_CP_14,1,72,4,0,0.013888888888888888
20200715_DT40_RELAGFP_CD83_M4_0ugml_08_R3D_D3D_Q570_outline.txt,Cell_CP_15,1,63,7,0,0.015873015873015872
20200715_DT40_RELAGFP_CD83_M4_0ugml_08_R3D_D3D_Q570_outline.txt,Cell_18,1,78,9,0,0.01282051282051282
20200715_DT40_RELAGFP_CD83_M4_0ugml_08_R3D_D3D_Q570_outline.txt,Cell_19,4,154,6,0,0.025974025974025976
20200715_DT40_RELAGFP_CD83_M4_0ugml_09_R3D_D3D_Q570_outline.txt,Cell_CP_1,0,85,3,0,0
20200715_DT40_RELAGFP_CD83_M4_0ugml_09_R3D_D3D_Q570_outline.txt,Cell_CP_2,1,67,8,0,0.014925373134328358
20200715_DT40_RELAGFP_CD83_M4_0ugml_09_R3D_D3D_Q570_outline.txt,Cell_CP_3,2,82,11,0,0.024390243902439025
20200715_DT40_RELAGFP_CD83_M4_0ugml_09_R3D_D3D_Q570_outline.txt,Cell_CP_4,0,53,8,0,0
20200715_DT40_RELAGFP_CD83_M4_0ugml_09_R3D_D3D_Q570_outline.txt,Cell_CP_5,4,188,7,0,0.02127659574468085
20200715_DT40_RELAGFP_CD83_M4_0ugml_09_R3D_D3D_Q570_outline.txt,Cell_CP_6,0,55,2,0,0
20200715_DT40_RELAGFP_CD83_M4_0ugml_09_R3D_D3D_Q570_outline.txt,Cell_CP_7,2,98,4,0,0.02040816326530612
20200715_DT40_RELAGFP_CD83_M4_0ugml_09_R3D_D3D_Q570_outline.txt,Cell_CP_8,3,43,3,0,0.06976744186046512
20200715_DT40_RELAGFP_CD83_M4_0ugml_09_R3D_D3D_Q570_outline.txt,Cell_CP_9,0,162,4,0,0
20200715_DT40_RELAGFP_CD83_M4_0ugml_09_R3D_D3D_Q570_outline.txt,Cell_CP_10,3,135,5,0,0.022222222222222223
20200715_DT40_RELAGFP_CD83_M4_0ugml_09_R3D_D3D_Q570_outline.txt,Cell_CP_11,0,88,0,0,0
20200715_DT40_RELAGFP_CD83_M4_0ugml_09_R3D_D3D_Q570_outline.txt,Cell_CP_13,4,88,9,0,0.045454545454545456
20200715_DT40_RELAGFP_CD83_M4_0ugml_09_R3D_D3D_Q570_outline.txt,Cell_CP_14,0,53,0,0,0
20200715_DT40_RELAGFP_CD83_M4_0ugml_10_R3D_D3D_Q570_outline.txt,Cell_CP_3,8,39,17,0,0.20512820512820512
20200715_DT40_RELAGFP_CD83_M4_0ugml_10_R3D_D3D_Q570_outline.txt,Cell_CP_4,0,0,4,0,NaN
20200715_DT40_RELAGFP_CD83_M4_0ugml_10_R3D_D3D_Q570_outline.txt,Cell_CP_5,0,0,0,0,NaN
20200715_DT40_RELAGFP_CD83_M4_0ugml_10_R3D_D3D_Q570_outline.txt,Cell_CP_6,0,0,0,0,NaN
20200715_DT40_RELAGFP_CD83_M4_0ugml_10_R3D_D3D_Q570_outline.txt,Cell_CP_8,0,3,0,0,0
20200715_DT40_RELAGFP_CD83_M4_0ugml_10_R3D_D3D_Q570_outline.txt,Cell_CP_9,0,90,0,0,0
20200715_DT40_RELAGFP_CD83_M4_0ugml_10_R3D_D3D_Q570_outline.txt,Cell_CP_10,0,6,0,0,0
20200715_DT40_RELAGFP_CD83_M4_0ugml_10_R3D_D3D_Q570_outline.txt,Cell_CP_11,0,31,3,0,0
20200715_DT40_RELAGFP_CD83_M4_0ugml_10_R3D_D3D_Q570_outline.txt,Cell_CP_12,2,18,2,0,0.1111111111111111
20200715_DT40_RELAGFP_CD83_M4_1ugml_01_R3D_D3D_Q570_outline.txt,Cell_CP_1,10,58,9,1,0.1724137931034483
20200715_DT40_RELAGFP_CD83_M4_1ugml_01_R3D_D3D_Q570_outline.txt,Cell_CP_2,18,98,14,1,0.1836734693877551
20200715_DT40_RELAGFP_CD83_M4_1ugml_01_R3D_D3D_Q570_outline.txt,Cell_CP_3,17,191,18,1,0.08900523560209424
20200715_DT40_RELAGFP_CD83_M4_1ugml_01_R3D_D3D_Q570_outline.txt,Cell_CP_4,5,214,14,1,0.02336448598130841
20200715_DT40_RELAGFP_CD83_M4_1ugml_01_R3D_D3D_Q570_outline.txt,Cell_CP_5,5,117,14,1,0.042735042735042736
20200715_DT40_RELAGFP_CD83_M4_1ugml_01_R3D_D3D_Q570_outline.txt,Cell_CP_6,0,201,0,1,0
20200715_DT40_RELAGFP_CD83_M4_1ugml_01_R3D_D3D_Q570_outline.txt,Cell_CP_7,30,83,21,1,0.3614457831325301
20200715_DT40_RELAGFP_CD83_M4_1ugml_01_R3D_D3D_Q570_outline.txt,Cell_CP_8,11,100,18,1,0.11
20200715_DT40_RELAGFP_CD83_M4_1ugml_01_R3D_D3D_Q570_outline.txt,Cell_CP_9,17,188,4,1,0.09042553191489362
20200715_DT40_RELAGFP_CD83_M4_1ugml_01_R3D_D3D_Q570_outline.txt,Cell_CP_10,13,94,16,1,0.13829787234042554
20200715_DT40_RELAGFP_CD83_M4_1ugml_01_R3D_D3D_Q570_outline.txt,Cell_CP_11,31,103,13,1,0.30097087378640774
20200715_DT40_RELAGFP_CD83_M4_1ugml_01_R3D_D3D_Q570_outline.txt,Cell_CP_12,0,247,0,1,0
20200715_DT40_RELAGFP_CD83_M4_1ugml_01_R3D_D3D_Q570_outline.txt,Cell_CP_13,1,59,1,1,0.01694915254237288
20200715_DT40_RELAGFP_CD83_M4_1ugml_01_R3D_D3D_Q570_outline.txt,Cell_CP_14,1,155,2,1,0.0064516129032258064
20200715_DT40_RELAGFP_CD83_M4_1ugml_02_R3D_D3D_Q570_outline.txt,Cell_CP_2,74,53,21,1,1.3962264150943395
20200715_DT40_RELAGFP_CD83_M4_1ugml_02_R3D_D3D_Q570_outline.txt,Cell_CP_3,102,188,14,1,0.5425531914893617
20200715_DT40_RELAGFP_CD83_M4_1ugml_02_R3D_D3D_Q570_outline.txt,Cell_CP_4,26,79,11,1,0.3291139240506329
20200715_DT40_RELAGFP_CD83_M4_1ugml_02_R3D_D3D_Q570_outline.txt,Cell_CP_5,29,97,18,1,0.29896907216494845
20200715_DT40_RELAGFP_CD83_M4_1ugml_02_R3D_D3D_Q570_outline.txt,Cell_CP_6,25,187,1,1,0.13368983957219252
20200715_DT40_RELAGFP_CD83_M4_1ugml_02_R3D_D3D_Q570_outline.txt,Cell_CP_7,78,211,17,1,0.3696682464454976
20200715_DT40_RELAGFP_CD83_M4_1ugml_02_R3D_D3D_Q570_outline.txt,Cell_CP_8,67,236,15,1,0.2838983050847458
20200715_DT40_RELAGFP_CD83_M4_1ugml_02_R3D_D3D_Q570_outline.txt,Cell_CP_9,27,201,10,1,0.13432835820895522
20200715_DT40_RELAGFP_CD83_M4_1ugml_02_R3D_D3D_Q570_outline.txt,Cell_CP_10,55,122,11,1,0.45081967213114754
20200715_DT40_RELAGFP_CD83_M4_1ugml_02_R3D_D3D_Q570_outline.txt,Cell_CP_11,4,179,3,1,0.0223463687150838
20200715_DT40_RELAGFP_CD83_M4_1ugml_02_R3D_D3D_Q570_outline.txt,Cell_CP_12,20,226,32,1,0.08849557522123894
20200715_DT40_RELAGFP_CD83_M4_1ugml_03_R3D_D3D_Q570_outline.txt,Cell_CP_1,35,126,24,1,0.2777777777777778
20200715_DT40_RELAGFP_CD83_M4_1ugml_03_R3D_D3D_Q570_outline.txt,Cell_CP_2,12,155,19,1,0.07741935483870968
20200715_DT40_RELAGFP_CD83_M4_1ugml_03_R3D_D3D_Q570_outline.txt,Cell_CP_3,105,163,4,1,0.6441717791411042
20200715_DT40_RELAGFP_CD83_M4_1ugml_03_R3D_D3D_Q570_outline.txt,Cell_CP_4,8,118,20,1,0.06779661016949153
20200715_DT40_RELAGFP_CD83_M4_1ugml_03_R3D_D3D_Q570_outline.txt,Cell_CP_6,16,119,2,1,0.13445378151260504
20200715_DT40_RELAGFP_CD83_M4_1ugml_03_R3D_D3D_Q570_outline.txt,Cell_CP_7,33,126,6,1,0.2619047619047619
20200715_DT40_RELAGFP_CD83_M4_1ugml_03_R3D_D3D_Q570_outline.txt,Cell_CP_8,16,165,17,1,0.09696969696969697
20200715_DT40_RELAGFP_CD83_M4_1ugml_03_R3D_D3D_Q570_outline.txt,Cell_CP_9,27,122,0,1,0.22131147540983606
20200715_DT40_RELAGFP_CD83_M4_1ugml_03_R3D_D3D_Q570_outline.txt,Cell_CP_10,26,145,12,1,0.1793103448275862
20200715_DT40_RELAGFP_CD83_M4_1ugml_03_R3D_D3D_Q570_outline.txt,Cell_CP_11,24,62,8,1,0.3870967741935484
20200715_DT40_RELAGFP_CD83_M4_1ugml_03_R3D_D3D_Q570_outline.txt,Cell_CP_12,9,106,4,1,0.08490566037735849
20200715_DT40_RELAGFP_CD83_M4_1ugml_03_R3D_D3D_Q570_outline.txt,Cell_CP_13,2,163,6,1,0.012269938650306749
20200715_DT40_RELAGFP_CD83_M4_1ugml_03_R3D_D3D_Q570_outline.txt,Cell_CP_14,26,114,17,1,0.22807017543859648
20200715_DT40_RELAGFP_CD83_M4_1ugml_03_R3D_D3D_Q570_outline.txt,Cell_CP_15,6,147,12,1,0.04081632653061224
20200715_DT40_RELAGFP_CD83_M4_1ugml_03_R3D_D3D_Q570_outline.txt,Cell_CP_16,27,115,6,1,0.23478260869565218
20200715_DT40_RELAGFP_CD83_M4_1ugml_03_R3D_D3D_Q570_outline.txt,Cell_CP_17,49,171,6,1,0.28654970760233917
20200715_DT40_RELAGFP_CD83_M4_1ugml_03_R3D_D3D_Q570_outline.txt,Cell_CP_18,40,146,9,1,0.273972602739726
20200715_DT40_RELAGFP_CD83_M4_1ugml_04_R3D_D3D_Q570_outline.txt,Cell_CP_1,26,160,16,1,0.1625
20200715_DT40_RELAGFP_CD83_M4_1ugml_04_R3D_D3D_Q570_outline.txt,Cell_CP_3,104,77,16,1,1.3506493506493507
20200715_DT40_RELAGFP_CD83_M4_1ugml_04_R3D_D3D_Q570_outline.txt,Cell_CP_4,75,89,3,1,0.8426966292134831
20200715_DT40_RELAGFP_CD83_M4_1ugml_04_R3D_D3D_Q570_outline.txt,Cell_CP_6,41,95,3,1,0.43157894736842106
20200715_DT40_RELAGFP_CD83_M4_1ugml_04_R3D_D3D_Q570_outline.txt,Cell_CP_7,3,212,6,1,0.014150943396226415
20200715_DT40_RELAGFP_CD83_M4_1ugml_04_R3D_D3D_Q570_outline.txt,Cell_CP_8,44,75,16,1,0.5866666666666667
20200715_DT40_RELAGFP_CD83_M4_1ugml_04_R3D_D3D_Q570_outline.txt,Cell_CP_9,71,133,8,1,0.5338345864661654
20200715_DT40_RELAGFP_CD83_M4_1ugml_04_R3D_D3D_Q570_outline.txt,Cell_CP_10,30,120,29,1,0.25
20200715_DT40_RELAGFP_CD83_M4_1ugml_04_R3D_D3D_Q570_outline.txt,Cell_CP_11,12,52,3,1,0.23076923076923078
20200715_DT40_RELAGFP_CD83_M4_1ugml_04_R3D_D3D_Q570_outline.txt,Cell_CP_12,26,143,20,1,0.18181818181818182
20200715_DT40_RELAGFP_CD83_M4_1ugml_04_R3D_D3D_Q570_outline.txt,Cell_CP_13,31,148,22,1,0.20945945945945946
20200715_DT40_RELAGFP_CD83_M4_1ugml_04_R3D_D3D_Q570_outline.txt,Cell_CP_14,5,248,3,1,0.020161290322580645
20200715_DT40_RELAGFP_CD83_M4_1ugml_04_R3D_D3D_Q570_outline.txt,Cell_CP_15,34,136,10,1,0.25
20200715_DT40_RELAGFP_CD83_M4_1ugml_04_R3D_D3D_Q570_outline.txt,Cell_CP_17,9,79,10,1,0.11392405063291139
20200715_DT40_RELAGFP_CD83_M4_1ugml_04_R3D_D3D_Q570_outline.txt,Cell_CP_18,3,160,8,1,0.01875
20200715_DT40_RELAGFP_CD83_M4_1ugml_04_R3D_D3D_Q570_outline.txt,Cell_CP_19,17,128,11,1,0.1328125
20200715_DT40_RELAGFP_CD83_M4_1ugml_04_R3D_D3D_Q570_outline.txt,Cell_CP_20,5,89,22,1,0.056179775280898875
20200715_DT40_RELAGFP_CD83_M4_1ugml_05_R3D_D3D_Q570_outline.txt,Cell_CP_1,25,119,20,1,0.21008403361344538
20200715_DT40_RELAGFP_CD83_M4_1ugml_05_R3D_D3D_Q570_outline.txt,Cell_CP_2,13,193,10,1,0.06735751295336788
20200715_DT40_RELAGFP_CD83_M4_1ugml_05_R3D_D3D_Q570_outline.txt,Cell_CP_3,30,80,5,1,0.375
20200715_DT40_RELAGFP_CD83_M4_1ugml_05_R3D_D3D_Q570_outline.txt,Cell_CP_4,9,188,1,1,0.047872340425531915
20200715_DT40_RELAGFP_CD83_M4_1ugml_05_R3D_D3D_Q570_outline.txt,Cell_CP_5,28,96,11,1,0.2916666666666667
20200715_DT40_RELAGFP_CD83_M4_1ugml_05_R3D_D3D_Q570_outline.txt,Cell_CP_6,4,104,5,1,0.038461538461538464
20200715_DT40_RELAGFP_CD83_M4_1ugml_05_R3D_D3D_Q570_outline.txt,Cell_CP_7,1,141,3,1,0.0070921985815602835
20200715_DT40_RELAGFP_CD83_M4_1ugml_05_R3D_D3D_Q570_outline.txt,Cell_CP_8,15,125,7,1,0.12
20200715_DT40_RELAGFP_CD83_M4_1ugml_05_R3D_D3D_Q570_outline.txt,Cell_CP_9,17,131,10,1,0.1297709923664122
20200715_DT40_RELAGFP_CD83_M4_1ugml_05_R3D_D3D_Q570_outline.txt,Cell_CP_10,12,108,3,1,0.1111111111111111
20200715_DT40_RELAGFP_CD83_M4_1ugml_05_R3D_D3D_Q570_outline.txt,Cell_CP_11,4,212,12,1,0.018867924528301886
20200715_DT40_RELAGFP_CD83_M4_1ugml_05_R3D_D3D_Q570_outline.txt,Cell_CP_12,27,86,15,1,0.313953488372093
20200715_DT40_RELAGFP_CD83_M4_1ugml_05_R3D_D3D_Q570_outline.txt,Cell_CP_13,10,104,10,1,0.09615384615384616
20200715_DT40_RELAGFP_CD83_M4_1ugml_05_R3D_D3D_Q570_outline.txt,Cell_CP_14,22,170,10,1,0.12941176470588237
20200715_DT40_RELAGFP_CD83_M4_1ugml_06_R3D_D3D_Q570_outline.txt,Cell_CP_1,35,153,10,1,0.22875816993464052
20200715_DT40_RELAGFP_CD83_M4_1ugml_06_R3D_D3D_Q570_outline.txt,Cell_CP_2,26,127,27,1,0.2047244094488189
20200715_DT40_RELAGFP_CD83_M4_1ugml_06_R3D_D3D_Q570_outline.txt,Cell_CP_3,8,145,18,1,0.05517241379310345
20200715_DT40_RELAGFP_CD83_M4_1ugml_06_R3D_D3D_Q570_outline.txt,Cell_CP_4,89,51,10,1,1.7450980392156863
20200715_DT40_RELAGFP_CD83_M4_1ugml_06_R3D_D3D_Q570_outline.txt,Cell_CP_5,12,129,23,1,0.09302325581395349
20200715_DT40_RELAGFP_CD83_M4_1ugml_06_R3D_D3D_Q570_outline.txt,Cell_CP_6,0,238,0,1,0
20200715_DT40_RELAGFP_CD83_M4_1ugml_06_R3D_D3D_Q570_outline.txt,Cell_CP_7,10,206,29,1,0.04854368932038835
20200715_DT40_RELAGFP_CD83_M4_1ugml_06_R3D_D3D_Q570_outline.txt,Cell_CP_8,13,82,8,1,0.15853658536585366
20200715_DT40_RELAGFP_CD83_M4_1ugml_06_R3D_D3D_Q570_outline.txt,Cell_CP_9,11,234,9,1,0.04700854700854701
20200715_DT40_RELAGFP_CD83_M4_1ugml_06_R3D_D3D_Q570_outline.txt,Cell_CP_10,13,121,9,1,0.10743801652892562
20200715_DT40_RELAGFP_CD83_M4_1ugml_06_R3D_D3D_Q570_outline.txt,Cell_CP_11,13,112,20,1,0.11607142857142858
20200715_DT40_RELAGFP_CD83_M4_1ugml_06_R3D_D3D_Q570_outline.txt,Cell_CP_12,22,138,16,1,0.15942028985507245
20200715_DT40_RELAGFP_CD83_M4_1ugml_06_R3D_D3D_Q570_outline.txt,Cell_CP_13,6,125,9,1,0.048
20200715_DT40_RELAGFP_CD83_M4_1ugml_07_R3D_D3D_Q570_outline.txt,Cell_CP_1,8,48,6,1,0.16666666666666666
20200715_DT40_RELAGFP_CD83_M4_1ugml_07_R3D_D3D_Q570_outline.txt,Cell_CP_2,1,95,9,1,0.010526315789473684
20200715_DT40_RELAGFP_CD83_M4_1ugml_07_R3D_D3D_Q570_outline.txt,Cell_CP_3,53,51,2,1,1.0392156862745099
20200715_DT40_RELAGFP_CD83_M4_1ugml_07_R3D_D3D_Q570_outline.txt,Cell_CP_5,64,65,0,1,0.9846153846153847
20200715_DT40_RELAGFP_CD83_M4_1ugml_07_R3D_D3D_Q570_outline.txt,Cell_CP_6,31,129,7,1,0.24031007751937986
20200715_DT40_RELAGFP_CD83_M4_1ugml_07_R3D_D3D_Q570_outline.txt,Cell_CP_7,0,74,1,1,0
20200715_DT40_RELAGFP_CD83_M4_1ugml_07_R3D_D3D_Q570_outline.txt,Cell_CP_8,26,85,18,1,0.3058823529411765
20200715_DT40_RELAGFP_CD83_M4_1ugml_07_R3D_D3D_Q570_outline.txt,Cell_CP_10,27,55,1,1,0.4909090909090909
20200715_DT40_RELAGFP_CD83_M4_1ugml_07_R3D_D3D_Q570_outline.txt,Cell_CP_11,80,126,5,1,0.6349206349206349
20200715_DT40_RELAGFP_CD83_M4_1ugml_07_R3D_D3D_Q570_outline.txt,Cell_CP_12,17,77,8,1,0.22077922077922077
20200715_DT40_RELAGFP_CD83_M4_1ugml_07_R3D_D3D_Q570_outline.txt,Cell_CP_14,26,97,3,1,0.26804123711340205
20200715_DT40_RELAGFP_CD83_M4_1ugml_07_R3D_D3D_Q570_outline.txt,Cell_CP_15,7,126,9,1,0.05555555555555555
20200715_DT40_RELAGFP_CD83_M4_1ugml_07_R3D_D3D_Q570_outline.txt,Cell_CP_16,0,121,0,1,0
20200715_DT40_RELAGFP_CD83_M4_1ugml_07_R3D_D3D_Q570_outline.txt,Cell_CP_17,6,55,13,1,0.10909090909090909
20200715_DT40_RELAGFP_CD83_M4_1ugml_07_R3D_D3D_Q570_outline.txt,Cell_CP_18,26,139,7,1,0.18705035971223022
20200715_DT40_RELAGFP_CD83_M4_1ugml_07_R3D_D3D_Q570_outline.txt,Cell_CP_19,8,118,18,1,0.06779661016949153
20200715_DT40_RELAGFP_CD83_M4_1ugml_07_R3D_D3D_Q570_outline.txt,Cell_CP_21,12,73,10,1,0.1643835616438356
20200715_DT40_RELAGFP_CD83_M4_1ugml_07_R3D_D3D_Q570_outline.txt,Cell_CP_22,11,78,9,1,0.14102564102564102
20200715_DT40_RELAGFP_CD83_M4_1ugml_07_R3D_D3D_Q570_outline.txt,Cell_CP_23,32,160,22,1,0.2
20200715_DT40_RELAGFP_CD83_M4_1ugml_08_R3D_D3D_Q570_outline.txt,Cell_CP_1,38,119,18,1,0.31932773109243695
20200715_DT40_RELAGFP_CD83_M4_1ugml_08_R3D_D3D_Q570_outline.txt,Cell_CP_2,13,180,10,1,0.07222222222222222
20200715_DT40_RELAGFP_CD83_M4_1ugml_08_R3D_D3D_Q570_outline.txt,Cell_CP_3,38,152,2,1,0.25
20200715_DT40_RELAGFP_CD83_M4_1ugml_08_R3D_D3D_Q570_outline.txt,Cell_CP_4,35,173,16,1,0.2023121387283237
20200715_DT40_RELAGFP_CD83_M4_1ugml_08_R3D_D3D_Q570_outline.txt,Cell_CP_5,51,64,15,1,0.796875
20200715_DT40_RELAGFP_CD83_M4_1ugml_08_R3D_D3D_Q570_outline.txt,Cell_CP_6,43,115,13,1,0.3739130434782609
20200715_DT40_RELAGFP_CD83_M4_1ugml_08_R3D_D3D_Q570_outline.txt,Cell_CP_7,15,320,25,1,0.046875
20200715_DT40_RELAGFP_CD83_M4_1ugml_08_R3D_D3D_Q570_outline.txt,Cell_CP_9,1,203,1,1,0.0049261083743842365
20200715_DT40_RELAGFP_CD83_M4_1ugml_08_R3D_D3D_Q570_outline.txt,Cell_CP_10,45,137,10,1,0.3284671532846715
20200715_DT40_RELAGFP_CD83_M4_1ugml_08_R3D_D3D_Q570_outline.txt,Cell_CP_11,9,96,0,1,0.09375
20200715_DT40_RELAGFP_CD83_M4_1ugml_08_R3D_D3D_Q570_outline.txt,Cell_CP_12,1,223,1,1,0.004484304932735426
20200715_DT40_RELAGFP_CD83_M4_1ugml_08_R3D_D3D_Q570_outline.txt,Cell_CP_13,12,79,10,1,0.1518987341772152
20200715_DT40_RELAGFP_CD83_M4_1ugml_09_R3D_D3D_Q570_outline.txt,Cell_CP_1,19,146,10,1,0.13013698630136986
20200715_DT40_RELAGFP_CD83_M4_1ugml_09_R3D_D3D_Q570_outline.txt,Cell_CP_2,82,100,11,1,0.82
20200715_DT40_RELAGFP_CD83_M4_1ugml_09_R3D_D3D_Q570_outline.txt,Cell_CP_3,40,217,19,1,0.18433179723502305
20200715_DT40_RELAGFP_CD83_M4_1ugml_09_R3D_D3D_Q570_outline.txt,Cell_CP_4,8,99,5,1,0.08080808080808081
20200715_DT40_RELAGFP_CD83_M4_1ugml_09_R3D_D3D_Q570_outline.txt,Cell_CP_5,23,94,8,1,0.24468085106382978
20200715_DT40_RELAGFP_CD83_M4_1ugml_09_R3D_D3D_Q570_outline.txt,Cell_CP_6,2,153,7,1,0.013071895424836602
20200715_DT40_RELAGFP_CD83_M4_1ugml_09_R3D_D3D_Q570_outline.txt,Cell_CP_7,8,83,26,1,0.0963855421686747
20200715_DT40_RELAGFP_CD83_M4_1ugml_09_R3D_D3D_Q570_outline.txt,Cell_CP_8,3,216,13,1,0.013888888888888888
20200715_DT40_RELAGFP_CD83_M4_1ugml_09_R3D_D3D_Q570_outline.txt,Cell_CP_9,41,175,12,1,0.2342857142857143
20200715_DT40_RELAGFP_CD83_M4_1ugml_09_R3D_D3D_Q570_outline.txt,Cell_CP_10,27,166,17,1,0.16265060240963855
20200715_DT40_RELAGFP_CD83_M4_1ugml_09_R3D_D3D_Q570_outline.txt,Cell_CP_11,50,73,12,1,0.684931506849315
20200715_DT40_RELAGFP_CD83_M4_1ugml_09_R3D_D3D_Q570_outline.txt,Cell_CP_12,3,142,12,1,0.02112676056338028
20200715_DT40_RELAGFP_CD83_M4_1ugml_09_R3D_D3D_Q570_outline.txt,Cell_CP_13,63,117,24,1,0.5384615384615384
20200715_DT40_RELAGFP_CD83_M4_1ugml_09_R3D_D3D_Q570_outline.txt,Cell_CP_14,22,116,22,1,0.1896551724137931
20200715_DT40_RELAGFP_CD83_M4_1ugml_09_R3D_D3D_Q570_outline.txt,Cell_CP_16,28,101,0,1,0.27722772277227725
20200715_DT40_RELAGFP_CD83_M4_1ugml_09_R3D_D3D_Q570_outline.txt,Cell_CP_17,24,186,1,1,0.12903225806451613
20200715_DT40_RELAGFP_CD83_M4_1ugml_09_R3D_D3D_Q570_outline.txt,Cell_CP_18,17,82,25,1,0.2073170731707317
20200715_DT40_RELAGFP_CD83_M4_1ugml_09_R3D_D3D_Q570_outline.txt,Cell_CP_19,27,158,23,1,0.17088607594936708
20200715_DT40_RELAGFP_CD83_M4_1ugml_09_R3D_D3D_Q570_outline.txt,Cell_CP_20,1,132,13,1,0.007575757575757576
20200715_DT40_RELAGFP_CD83_M4_1ugml_09_R3D_D3D_Q570_outline.txt,Cell_CP_21,31,94,6,1,0.32978723404255317
20200715_DT40_RELAGFP_CD83_M4_1ugml_09_R3D_D3D_Q570_outline.txt,Cell_CP_22,52,87,9,1,0.5977011494252874
20200715_DT40_RELAGFP_CD83_M4_1ugml_10_R3D_D3D_Q570_outline.txt,Cell_CP_2,49,70,13,1,0.7
20200715_DT40_RELAGFP_CD83_M4_1ugml_10_R3D_D3D_Q570_outline.txt,Cell_CP_4,10,264,5,1,0.03787878787878788
20200715_DT40_RELAGFP_CD83_M4_1ugml_10_R3D_D3D_Q570_outline.txt,Cell_CP_5,13,233,6,1,0.055793991416309016
20200715_DT40_RELAGFP_CD83_M4_1ugml_10_R3D_D3D_Q570_outline.txt,Cell_CP_7,29,118,7,1,0.2457627118644068
20200715_DT40_RELAGFP_CD83_M4_1ugml_10_R3D_D3D_Q570_outline.txt,Cell_CP_8,41,168,11,1,0.24404761904761904
20200715_DT40_RELAGFP_CD83_M4_1ugml_10_R3D_D3D_Q570_outline.txt,Cell_CP_9,44,122,11,1,0.36065573770491804
20200715_DT40_RELAGFP_CD83_M4_1ugml_10_R3D_D3D_Q570_outline.txt,Cell_CP_10,88,110,14,1,0.8
20200715_DT40_RELAGFP_CD83_M4_1ugml_10_R3D_D3D_Q570_outline.txt,Cell_CP_11,0,153,11,1,0
20200715_DT40_RELAGFP_CD83_M4_1ugml_10_R3D_D3D_Q570_outline.txt,Cell_CP_12,12,237,22,1,0.05063291139240506
20200715_DT40_RELAGFP_CD83_M4_1ugml_10_R3D_D3D_Q570_outline.txt,Cell_CP_14,20,108,10,1,0.18518518518518517
20200715_DT40_RELAGFP_CD83_M4_1ugml_10_R3D_D3D_Q570_outline.txt,Cell_CP_16,3,200,3,1,0.015
20200715_DT40_RELAGFP_CD83_M4_1ugml_10_R3D_D3D_Q570_outline.txt,Cell_CP_17,42,229,9,1,0.18340611353711792
20200715_DT40_RELAGFP_CD83_M4_10ugml_01_R3D_D3D_Q570_outline.txt,Cell_CP_1,0,338,0,10,0
20200715_DT40_RELAGFP_CD83_M4_10ugml_01_R3D_D3D_Q570_outline.txt,Cell_CP_2,8,194,9,10,0.041237113402061855
20200715_DT40_RELAGFP_CD83_M4_10ugml_01_R3D_D3D_Q570_outline.txt,Cell_CP_3,24,82,16,10,0.2926829268292683
20200715_DT40_RELAGFP_CD83_M4_10ugml_01_R3D_D3D_Q570_outline.txt,Cell_CP_4,76,135,34,10,0.562962962962963
20200715_DT40_RELAGFP_CD83_M4_10ugml_01_R3D_D3D_Q570_outline.txt,Cell_CP_5,33,396,9,10,0.08333333333333333
20200715_DT40_RELAGFP_CD83_M4_10ugml_01_R3D_D3D_Q570_outline.txt,Cell_CP_6,10,175,0,10,0.05714285714285714
20200715_DT40_RELAGFP_CD83_M4_10ugml_01_R3D_D3D_Q570_outline.txt,Cell_CP_7,20,88,12,10,0.22727272727272727
20200715_DT40_RELAGFP_CD83_M4_10ugml_01_R3D_D3D_Q570_outline.txt,Cell_CP_8,7,210,9,10,0.03333333333333333
20200715_DT40_RELAGFP_CD83_M4_10ugml_01_R3D_D3D_Q570_outline.txt,Cell_CP_9,28,113,2,10,0.24778761061946902
20200715_DT40_RELAGFP_CD83_M4_10ugml_01_R3D_D3D_Q570_outline.txt,Cell_CP_10,6,146,4,10,0.0410958904109589
20200715_DT40_RELAGFP_CD83_M4_10ugml_01_R3D_D3D_Q570_outline.txt,Cell_CP_11,65,84,6,10,0.7738095238095238
20200715_DT40_RELAGFP_CD83_M4_10ugml_01_R3D_D3D_Q570_outline.txt,Cell_CP_12,17,146,13,10,0.11643835616438356
20200715_DT40_RELAGFP_CD83_M4_10ugml_01_R3D_D3D_Q570_outline.txt,Cell_CP_13,15,81,5,10,0.18518518518518517
20200715_DT40_RELAGFP_CD83_M4_10ugml_02_R3D_D3D_Q570_outline.txt,Cell_CP_1,0,272,2,10,0
20200715_DT40_RELAGFP_CD83_M4_10ugml_02_R3D_D3D_Q570_outline.txt,Cell_CP_2,20,154,21,10,0.12987012987012986
20200715_DT40_RELAGFP_CD83_M4_10ugml_02_R3D_D3D_Q570_outline.txt,Cell_CP_3,17,321,27,10,0.0529595015576324
20200715_DT40_RELAGFP_CD83_M4_10ugml_02_R3D_D3D_Q570_outline.txt,Cell_CP_4,127,76,0,10,1.6710526315789473
20200715_DT40_RELAGFP_CD83_M4_10ugml_02_R3D_D3D_Q570_outline.txt,Cell_CP_6,18,103,19,10,0.17475728155339806
20200715_DT40_RELAGFP_CD83_M4_10ugml_02_R3D_D3D_Q570_outline.txt,Cell_CP_7,17,68,4,10,0.25
20200715_DT40_RELAGFP_CD83_M4_10ugml_02_R3D_D3D_Q570_outline.txt,Cell_CP_8,29,150,15,10,0.19333333333333333
20200715_DT40_RELAGFP_CD83_M4_10ugml_02_R3D_D3D_Q570_outline.txt,Cell_CP_9,22,94,23,10,0.23404255319148937
20200715_DT40_RELAGFP_CD83_M4_10ugml_02_R3D_D3D_Q570_outline.txt,Cell_CP_10,43,84,18,10,0.5119047619047619
20200715_DT40_RELAGFP_CD83_M4_10ugml_02_R3D_D3D_Q570_outline.txt,Cell_CP_11,38,311,29,10,0.12218649517684887
20200715_DT40_RELAGFP_CD83_M4_10ugml_02_R3D_D3D_Q570_outline.txt,Cell_CP_12,18,266,8,10,0.06766917293233082
20200715_DT40_RELAGFP_CD83_M4_10ugml_02_R3D_D3D_Q570_outline.txt,Cell_CP_13,7,93,13,10,0.07526881720430108
20200715_DT40_RELAGFP_CD83_M4_10ugml_02_R3D_D3D_Q570_outline.txt,Cell_CP_14,4,375,0,10,0.010666666666666666
20200715_DT40_RELAGFP_CD83_M4_10ugml_02_R3D_D3D_Q570_outline.txt,Cell_CP_15,0,195,0,10,0
20200715_DT40_RELAGFP_CD83_M4_10ugml_02_R3D_D3D_Q570_outline.txt,Cell_CP_16,84,155,19,10,0.5419354838709678
20200715_DT40_RELAGFP_CD83_M4_10ugml_02_R3D_D3D_Q570_outline.txt,Cell_CP_17,37,188,4,10,0.19680851063829788
20200715_DT40_RELAGFP_CD83_M4_10ugml_03_R3D_D3D_Q570_outline.txt,Cell_CP_1,63,194,26,10,0.3247422680412371
20200715_DT40_RELAGFP_CD83_M4_10ugml_03_R3D_D3D_Q570_outline.txt,Cell_CP_2,47,107,32,10,0.4392523364485981
20200715_DT40_RELAGFP_CD83_M4_10ugml_03_R3D_D3D_Q570_outline.txt,Cell_CP_3,34,51,14,10,0.6666666666666666
20200715_DT40_RELAGFP_CD83_M4_10ugml_03_R3D_D3D_Q570_outline.txt,Cell_CP_4,74,100,8,10,0.74
20200715_DT40_RELAGFP_CD83_M4_10ugml_03_R3D_D3D_Q570_outline.txt,Cell_CP_5,12,129,12,10,0.09302325581395349
20200715_DT40_RELAGFP_CD83_M4_10ugml_03_R3D_D3D_Q570_outline.txt,Cell_CP_6,12,54,4,10,0.2222222222222222
20200715_DT40_RELAGFP_CD83_M4_10ugml_03_R3D_D3D_Q570_outline.txt,Cell_CP_7,29,138,34,10,0.21014492753623187
20200715_DT40_RELAGFP_CD83_M4_10ugml_03_R3D_D3D_Q570_outline.txt,Cell_CP_10,28,128,14,10,0.21875
20200715_DT40_RELAGFP_CD83_M4_10ugml_03_R3D_D3D_Q570_outline.txt,Cell_CP_11,6,105,16,10,0.05714285714285714
20200715_DT40_RELAGFP_CD83_M4_10ugml_03_R3D_D3D_Q570_outline.txt,Cell_CP_13,86,119,11,10,0.7226890756302521
20200715_DT40_RELAGFP_CD83_M4_10ugml_03_R3D_D3D_Q570_outline.txt,Cell_CP_15,66,101,27,10,0.6534653465346535
20200715_DT40_RELAGFP_CD83_M4_10ugml_03_R3D_D3D_Q570_outline.txt,Cell_CP_16,18,148,9,10,0.12162162162162163
20200715_DT40_RELAGFP_CD83_M4_10ugml_03_R3D_D3D_Q570_outline.txt,Cell_CP_18,38,96,24,10,0.3958333333333333
20200715_DT40_RELAGFP_CD83_M4_10ugml_04_R3D_D3D_Q570_outline.txt,Cell_CP_1,70,56,2,10,1.25
20200715_DT40_RELAGFP_CD83_M4_10ugml_04_R3D_D3D_Q570_outline.txt,Cell_CP_2,5,222,16,10,0.02252252252252252
20200715_DT40_RELAGFP_CD83_M4_10ugml_04_R3D_D3D_Q570_outline.txt,Cell_CP_3,2,69,5,10,0.028985507246376812
20200715_DT40_RELAGFP_CD83_M4_10ugml_04_R3D_D3D_Q570_outline.txt,Cell_CP_4,47,262,24,10,0.17938931297709923
20200715_DT40_RELAGFP_CD83_M4_10ugml_04_R3D_D3D_Q570_outline.txt,Cell_CP_5,4,260,3,10,0.015384615384615385
20200715_DT40_RELAGFP_CD83_M4_10ugml_04_R3D_D3D_Q570_outline.txt,Cell_CP_6,30,255,33,10,0.11764705882352941
20200715_DT40_RELAGFP_CD83_M4_10ugml_04_R3D_D3D_Q570_outline.txt,Cell_CP_7,102,88,0,10,1.1590909090909092
20200715_DT40_RELAGFP_CD83_M4_10ugml_04_R3D_D3D_Q570_outline.txt,Cell_CP_9,2,76,17,10,0.02631578947368421
20200715_DT40_RELAGFP_CD83_M4_10ugml_04_R3D_D3D_Q570_outline.txt,Cell_CP_10,8,171,18,10,0.04678362573099415
20200715_DT40_RELAGFP_CD83_M4_10ugml_04_R3D_D3D_Q570_outline.txt,Cell_CP_13,82,146,38,10,0.5616438356164384
20200715_DT40_RELAGFP_CD83_M4_10ugml_04_R3D_D3D_Q570_outline.txt,Cell_CP_14,20,186,7,10,0.10752688172043011
20200715_DT40_RELAGFP_CD83_M4_10ugml_04_R3D_D3D_Q570_outline.txt,Cell_CP_15,24,150,17,10,0.16
20200715_DT40_RELAGFP_CD83_M4_10ugml_04_R3D_D3D_Q570_outline.txt,Cell_CP_16,6,145,22,10,0.041379310344827586
20200715_DT40_RELAGFP_CD83_M4_10ugml_04_R3D_D3D_Q570_outline.txt,Cell_17,15,70,14,10,0.21428571428571427
20200715_DT40_RELAGFP_CD83_M4_10ugml_04_R3D_D3D_Q570_outline.txt,Cell_18,6,109,7,10,0.05504587155963303
20200715_DT40_RELAGFP_CD83_M4_10ugml_05_R3D_D3D_Q570_outline.txt,Cell_CP_1,11,115,23,10,0.09565217391304348
20200715_DT40_RELAGFP_CD83_M4_10ugml_05_R3D_D3D_Q570_outline.txt,Cell_CP_2,18,106,14,10,0.16981132075471697
20200715_DT40_RELAGFP_CD83_M4_10ugml_05_R3D_D3D_Q570_outline.txt,Cell_CP_3,34,162,16,10,0.20987654320987653
20200715_DT40_RELAGFP_CD83_M4_10ugml_05_R3D_D3D_Q570_outline.txt,Cell_CP_4,91,82,8,10,1.1097560975609757
20200715_DT40_RELAGFP_CD83_M4_10ugml_05_R3D_D3D_Q570_outline.txt,Cell_CP_5,75,37,11,10,2.027027027027027
20200715_DT40_RELAGFP_CD83_M4_10ugml_05_R3D_D3D_Q570_outline.txt,Cell_CP_7,4,215,0,10,0.018604651162790697
20200715_DT40_RELAGFP_CD83_M4_10ugml_05_R3D_D3D_Q570_outline.txt,Cell_CP_8,35,59,10,10,0.5932203389830508
20200715_DT40_RELAGFP_CD83_M4_10ugml_05_R3D_D3D_Q570_outline.txt,Cell_CP_9,29,126,24,10,0.23015873015873015
20200715_DT40_RELAGFP_CD83_M4_10ugml_05_R3D_D3D_Q570_outline.txt,Cell_CP_10,8,132,9,10,0.06060606060606061
20200715_DT40_RELAGFP_CD83_M4_10ugml_05_R3D_D3D_Q570_outline.txt,Cell_CP_11,54,118,17,10,0.4576271186440678
20200715_DT40_RELAGFP_CD83_M4_10ugml_05_R3D_D3D_Q570_outline.txt,Cell_CP_12,9,213,0,10,0.04225352112676056
20200715_DT40_RELAGFP_CD83_M4_10ugml_05_R3D_D3D_Q570_outline.txt,Cell_CP_13,14,168,7,10,0.08333333333333333
20200715_DT40_RELAGFP_CD83_M4_10ugml_05_R3D_D3D_Q570_outline.txt,Cell_CP_15,58,140,12,10,0.4142857142857143
20200715_DT40_RELAGFP_CD83_M4_10ugml_05_R3D_D3D_Q570_outline.txt,Cell_CP_16,19,123,5,10,0.15447154471544716
20200715_DT40_RELAGFP_CD83_M4_10ugml_05_R3D_D3D_Q570_outline.txt,Cell_CP_17,7,191,21,10,0.03664921465968586
20200715_DT40_RELAGFP_CD83_M4_10ugml_05_R3D_D3D_Q570_outline.txt,Cell_CP_18,65,134,9,10,0.48507462686567165
20200715_DT40_RELAGFP_CD83_M4_10ugml_05_R3D_D3D_Q570_outline.txt,Cell_CP_19,49,74,2,10,0.6621621621621622
20200715_DT40_RELAGFP_CD83_M4_10ugml_05_R3D_D3D_Q570_outline.txt,Cell_CP_20,48,73,9,10,0.6575342465753424
20200715_DT40_RELAGFP_CD83_M4_10ugml_05_R3D_D3D_Q570_outline.txt,Cell_CP_21,48,131,31,10,0.366412213740458
20200715_DT40_RELAGFP_CD83_M4_10ugml_05_R3D_D3D_Q570_outline.txt,Cell_CP_22,66,79,11,10,0.8354430379746836
20200715_DT40_RELAGFP_CD83_M4_10ugml_05_R3D_D3D_Q570_outline.txt,Cell_CP_23,26,143,15,10,0.18181818181818182
20200715_DT40_RELAGFP_CD83_M4_10ugml_06_R3D_D3D_Q570_outline.txt,Cell_CP_1,54,180,40,10,0.3
20200715_DT40_RELAGFP_CD83_M4_10ugml_06_R3D_D3D_Q570_outline.txt,Cell_CP_3,52,104,15,10,0.5
20200715_DT40_RELAGFP_CD83_M4_10ugml_06_R3D_D3D_Q570_outline.txt,Cell_CP_4,38,97,21,10,0.3917525773195876
20200715_DT40_RELAGFP_CD83_M4_10ugml_06_R3D_D3D_Q570_outline.txt,Cell_CP_5,50,107,7,10,0.4672897196261682
20200715_DT40_RELAGFP_CD83_M4_10ugml_06_R3D_D3D_Q570_outline.txt,Cell_CP_6,11,163,11,10,0.06748466257668712
20200715_DT40_RELAGFP_CD83_M4_10ugml_06_R3D_D3D_Q570_outline.txt,Cell_CP_7,62,154,17,10,0.4025974025974026
20200715_DT40_RELAGFP_CD83_M4_10ugml_06_R3D_D3D_Q570_outline.txt,Cell_CP_8,33,71,19,10,0.4647887323943662
20200715_DT40_RELAGFP_CD83_M4_10ugml_07_R3D_D3D_Q570_outline.txt,Cell_CP_1,32,58,13,10,0.5517241379310345
20200715_DT40_RELAGFP_CD83_M4_10ugml_07_R3D_D3D_Q570_outline.txt,Cell_CP_2,14,87,6,10,0.16091954022988506
20200715_DT40_RELAGFP_CD83_M4_10ugml_07_R3D_D3D_Q570_outline.txt,Cell_CP_3,16,108,17,10,0.14814814814814814
20200715_DT40_RELAGFP_CD83_M4_10ugml_07_R3D_D3D_Q570_outline.txt,Cell_CP_4,28,129,1,10,0.21705426356589147
20200715_DT40_RELAGFP_CD83_M4_10ugml_07_R3D_D3D_Q570_outline.txt,Cell_CP_5,14,65,9,10,0.2153846153846154
20200715_DT40_RELAGFP_CD83_M4_10ugml_07_R3D_D3D_Q570_outline.txt,Cell_CP_6,17,152,12,10,0.1118421052631579
20200715_DT40_RELAGFP_CD83_M4_10ugml_07_R3D_D3D_Q570_outline.txt,Cell_CP_7,4,103,3,10,0.038834951456310676
20200715_DT40_RELAGFP_CD83_M4_10ugml_07_R3D_D3D_Q570_outline.txt,Cell_CP_8,49,131,2,10,0.37404580152671757
20200715_DT40_RELAGFP_CD83_M4_10ugml_07_R3D_D3D_Q570_outline.txt,Cell_CP_9,42,117,7,10,0.358974358974359
20200715_DT40_RELAGFP_CD83_M4_10ugml_07_R3D_D3D_Q570_outline.txt,Cell_CP_10,90,142,16,10,0.6338028169014085
20200715_DT40_RELAGFP_CD83_M4_10ugml_07_R3D_D3D_Q570_outline.txt,Cell_CP_11,51,72,9,10,0.7083333333333334
20200715_DT40_RELAGFP_CD83_M4_10ugml_08_R3D_D3D_Q570_outline.txt,Cell_CP_1,23,166,6,10,0.13855421686746988
20200715_DT40_RELAGFP_CD83_M4_10ugml_08_R3D_D3D_Q570_outline.txt,Cell_CP_2,8,118,20,10,0.06779661016949153
20200715_DT40_RELAGFP_CD83_M4_10ugml_08_R3D_D3D_Q570_outline.txt,Cell_CP_3,0,157,0,10,0
20200715_DT40_RELAGFP_CD83_M4_10ugml_08_R3D_D3D_Q570_outline.txt,Cell_CP_4,14,116,17,10,0.1206896551724138
20200715_DT40_RELAGFP_CD83_M4_10ugml_08_R3D_D3D_Q570_outline.txt,Cell_CP_5,69,173,20,10,0.3988439306358382
20200715_DT40_RELAGFP_CD83_M4_10ugml_08_R3D_D3D_Q570_outline.txt,Cell_CP_6,49,142,44,10,0.34507042253521125
20200715_DT40_RELAGFP_CD83_M4_10ugml_08_R3D_D3D_Q570_outline.txt,Cell_CP_7,172,64,10,10,2.6875
20200715_DT40_RELAGFP_CD83_M4_10ugml_08_R3D_D3D_Q570_outline.txt,Cell_CP_9,35,179,11,10,0.19553072625698323
20200715_DT40_RELAGFP_CD83_M4_10ugml_08_R3D_D3D_Q570_outline.txt,Cell_CP_10,20,176,12,10,0.11363636363636363
20200715_DT40_RELAGFP_CD83_M4_10ugml_08_R3D_D3D_Q570_outline.txt,Cell_CP_11,31,62,21,10,0.5
20200715_DT40_RELAGFP_CD83_M4_10ugml_08_R3D_D3D_Q570_outline.txt,Cell_CP_12,13,203,17,10,0.06403940886699508
20200715_DT40_RELAGFP_CD83_M4_10ugml_08_R3D_D3D_Q570_outline.txt,Cell_CP_13,78,91,17,10,0.8571428571428571
20200715_DT40_RELAGFP_CD83_M4_10ugml_08_R3D_D3D_Q570_outline.txt,Cell_CP_15,12,189,24,10,0.06349206349206349
20200715_DT40_RELAGFP_CD83_M4_10ugml_09_R3D_D3D_Q570_outline.txt,Cell_CP_1,38,94,19,10,0.40425531914893614
20200715_DT40_RELAGFP_CD83_M4_10ugml_09_R3D_D3D_Q570_outline.txt,Cell_CP_2,81,96,1,10,0.84375
20200715_DT40_RELAGFP_CD83_M4_10ugml_09_R3D_D3D_Q570_outline.txt,Cell_CP_3,51,201,17,10,0.2537313432835821
20200715_DT40_RELAGFP_CD83_M4_10ugml_09_R3D_D3D_Q570_outline.txt,Cell_CP_4,19,30,11,10,0.6333333333333333
20200715_DT40_RELAGFP_CD83_M4_10ugml_09_R3D_D3D_Q570_outline.txt,Cell_CP_5,56,128,16,10,0.4375
20200715_DT40_RELAGFP_CD83_M4_10ugml_09_R3D_D3D_Q570_outline.txt,Cell_CP_6,12,113,16,10,0.10619469026548672
20200715_DT40_RELAGFP_CD83_M4_10ugml_09_R3D_D3D_Q570_outline.txt,Cell_CP_7,69,140,14,10,0.4928571428571429
20200715_DT40_RELAGFP_CD83_M4_10ugml_09_R3D_D3D_Q570_outline.txt,Cell_CP_8,2,165,15,10,0.012121212121212121
20200715_DT40_RELAGFP_CD83_M4_10ugml_09_R3D_D3D_Q570_outline.txt,Cell_CP_9,21,147,9,10,0.14285714285714285
20200715_DT40_RELAGFP_CD83_M4_10ugml_09_R3D_D3D_Q570_outline.txt,Cell_CP_10,10,192,11,10,0.052083333333333336
20200715_DT40_RELAGFP_CD83_M4_10ugml_09_R3D_D3D_Q570_outline.txt,Cell_CP_11,20,112,3,10,0.17857142857142858
20200715_DT40_RELAGFP_CD83_M4_10ugml_09_R3D_D3D_Q570_outline.txt,Cell_CP_12,60,109,9,10,0.5504587155963303
20200715_DT40_RELAGFP_CD83_M4_10ugml_09_R3D_D3D_Q570_outline.txt,Cell_CP_13,61,75,3,10,0.8133333333333334
20200715_DT40_RELAGFP_CD83_M4_10ugml_09_R3D_D3D_Q570_outline.txt,Cell_CP_14,18,90,11,10,0.2
20200715_DT40_RELAGFP_CD83_M4_10ugml_09_R3D_D3D_Q570_outline.txt,Cell_CP_15,25,167,19,10,0.1497005988023952
20200715_DT40_RELAGFP_CD83_M4_10ugml_09_R3D_D3D_Q570_outline.txt,Cell_CP_16,9,90,19,10,0.1
20200715_DT40_RELAGFP_CD83_M4_10ugml_09_R3D_D3D_Q570_outline.txt,Cell_CP_17,156,52,2,10,3
20200715_DT40_RELAGFP_CD83_M4_10ugml_09_R3D_D3D_Q570_outline.txt,Cell_CP_18,9,117,7,10,0.07692307692307693
20200715_DT40_RELAGFP_CD83_M4_10ugml_09_R3D_D3D_Q570_outline.txt,Cell_CP_19,0,134,2,10,0
20200715_DT40_RELAGFP_CD83_M4_10ugml_09_R3D_D3D_Q570_outline.txt,Cell_CP_20,25,163,10,10,0.15337423312883436
20200715_DT40_RELAGFP_CD83_M4_10ugml_10_R3D_D3D_Q570_outline.txt,Cell_CP_1,9,137,26,10,0.06569343065693431
20200715_DT40_RELAGFP_CD83_M4_10ugml_10_R3D_D3D_Q570_outline.txt,Cell_CP_2,4,73,12,10,0.0547945205479452
20200715_DT40_RELAGFP_CD83_M4_10ugml_10_R3D_D3D_Q570_outline.txt,Cell_CP_3,4,258,2,10,0.015503875968992248
20200715_DT40_RELAGFP_CD83_M4_10ugml_10_R3D_D3D_Q570_outline.txt,Cell_CP_4,44,97,16,10,0.4536082474226804
20200715_DT40_RELAGFP_CD83_M4_10ugml_10_R3D_D3D_Q570_outline.txt,Cell_CP_5,6,121,21,10,0.049586776859504134
20200715_DT40_RELAGFP_CD83_M4_10ugml_10_R3D_D3D_Q570_outline.txt,Cell_CP_6,34,160,19,10,0.2125
20200715_DT40_RELAGFP_CD83_M4_10ugml_10_R3D_D3D_Q570_outline.txt,Cell_CP_7,27,141,17,10,0.19148936170212766
20200715_DT40_RELAGFP_CD83_M4_10ugml_10_R3D_D3D_Q570_outline.txt,Cell_CP_8,30,274,3,10,0.10948905109489052
20200715_DT40_RELAGFP_CD83_M4_10ugml_10_R3D_D3D_Q570_outline.txt,Cell_CP_9,44,90,15,10,0.4888888888888889
20200715_DT40_RELAGFP_CD83_M4_10ugml_10_R3D_D3D_Q570_outline.txt,Cell_CP_10,40,231,6,10,0.17316017316017315
20200715_DT40_RELAGFP_CD83_M4_10ugml_10_R3D_D3D_Q570_outline.txt,Cell_CP_11,13,116,6,10,0.11206896551724138
20200715_DT40_RELAGFP_CD83_M4_10ugml_10_R3D_D3D_Q570_outline.txt,Cell_CP_12,6,84,7,10,0.07142857142857142
20200715_DT40_RELAGFP_CD83_M4_10ugml_10_R3D_D3D_Q570_outline.txt,Cell_CP_13,8,141,11,10,0.05673758865248227
20200715_DT40_RELAGFP_CD83_M4_10ugml_10_R3D_D3D_Q570_outline.txt,Cell_CP_14,36,133,6,10,0.2706766917293233
20200715_DT40_RELAGFP_CD83_M4_10ugml_10_R3D_D3D_Q570_outline.txt,Cell_CP_15,32,74,11,10,0.43243243243243246
20200715_DT40_RELAGFP_CD83_M4_10ugml_10_R3D_D3D_Q570_outline.txt,Cell_CP_16,31,134,16,10,0.23134328358208955
